section,tlv
ResultsVersion,1,2
minTime,1,10
minTravel,1,10
traceTimeStr,1,
indexStart,1,0
indexEnd,1,17855
analyzeCount,1,17856
axleTravelRatio,1,-22.516647831585804
compressionSpeedRatio,1,-18.006136115594035
reboundSpeedRatio,1,-17.208292973921527
section,forkResults
movingCount,1,17854
filterRatio,1,62
timeComp,1,4014
timeReb,1,7139
axleMin,1,55.45
axleMax,1,159.4375
axleAvg,1,97.84240155600573
axleMovingAvg,1,97.93117975597252
segments,1,2
maxCompressionSpeed,1,3272.2500000000005
avgCompressionSpeed,1,952.9936708860763
compressionSpeed95,1,2252.6000000000004
maxReboundSpeed,1,1700.75
avgReboundSpeed,1,637.2641304347823
reboundSpeed95,1,1123.8500000000013
axleTravelTotal,1,26749.73000000019
totalTravelComp,1,8364.502499999997
totalTravelReb,1,11219.81
histogramLPS,42,20,160.0,0,0,0,0,0,0,10,1315,1178,1740,2062,2233,2357,2093,1806,1206,829,505,348,120,0,0,0,0,0,0,10,1315,1178,1740,2062,2233,2357,2093,1806,1206,829,505,348,120
gforceTotalComp,1,7272.712106442572
gforceTotalReb,1,10383.733781512612
gforceMin,1,-14.35
gforceMax,1,8.66
gforceAbsTotal,1,28625.467025209844
gforceTotalFlat,1,10969.021137254658
travelToForceRatioComp,1,1.1501214921721232
travelToForceRatioReb,1,1.080517878836219
travelToForceRatioAll,1,0.9344731380781409
vibrationCompression,1,1.8118365985158376
vibrationRebound,1,1.4545081638202286
vibrationOverall,1,1.603128753651985
forceBreakdownTable,9,0.0,0.0,0.0,20.78163426864754,92.65951182167879,63.052924313491026,79.21836573135246,7.34048817832122,36.94707568650899
invalidSamples,1,48
section,ForkStrokeUp
# t1,t2,p1,p2,gforce,slope3,slopeMax,pMaxSpeed
10,21,68.18,111.51,2.36,1607.85,1723.50,86.54
73,86,62.21,125.94,2.27,2252.60,2429.00,85.39
120,132,98.03,116.17,3.71,458.85,493.50,111.23
197,208,69.90,85.31,1.60,504.45,532.50,78.27
217,237,72.42,99.52,0.80,424.55,461.00,77.43
244,257,94.70,150.88,2.42,1890.30,1992.00,127.08
363,391,89.48,141.11,2.76,1106.05,1142.50,116.40
437,455,62.69,98.68,2.50,817.45,842.50,74.85
476,489,98.99,113.52,1.48,549.60,610.50,108.70
643,654,117.14,133.67,2.76,514.35,544.50,122.89
731,744,95.27,127.89,4.66,1102.30,1177.00,106.85
756,767,121.00,131.09,2.62,409.65,447.00,125.06
782,794,83.81,101.13,1.74,601.45,659.50,89.13
834,846,63.95,105.72,1.54,1476.55,1589.50,80.04
871,883,92.07,140.59,5.27,1408.25,1589.00,102.57
1015,1031,84.22,112.51,0.90,507.70,517.00,95.11
1285,1295,69.25,131.84,3.49,2119.55,2250.50,93.55
1468,1498,89.24,138.97,1.92,913.15,1010.50,99.53
1562,1574,65.17,118.08,5.15,1570.55,1643.00,84.34
1588,1611,93.02,128.48,2.59,653.05,698.50,100.36
1683,1693,95.35,108.73,2.28,418.20,429.00,100.70
1758,1774,75.21,98.98,1.07,619.05,654.00,82.62
1819,1842,76.12,119.70,2.00,829.10,891.50,85.59
1861,1880,102.26,120.53,1.50,386.00,417.50,116.33
2036,2047,57.41,117.68,3.83,2297.70,2439.00,88.25
2073,2094,68.84,147.29,2.82,2100.55,2239.00,91.00
2182,2202,72.72,88.27,0.93,357.50,383.00,78.41
2213,2237,72.63,111.15,1.35,554.85,586.50,90.53
2277,2297,67.44,89.70,0.65,391.15,403.00,83.26
2355,2365,80.06,98.23,1.66,715.35,774.00,87.52
2376,2397,98.34,118.47,1.61,428.40,456.00,110.03
2460,2480,93.28,119.99,1.13,411.55,454.00,97.44
2521,2561,72.48,112.47,0.69,527.35,544.00,87.30
2633,2661,67.02,116.73,1.00,826.30,890.50,76.93
2737,2770,60.52,116.96,1.38,1020.05,1067.00,75.30
2780,2790,103.91,120.44,1.43,610.65,649.50,112.44
2841,2862,64.88,87.67,1.05,468.55,481.00,78.85
2898,2917,90.20,104.12,0.93,238.20,256.50,93.45
3113,3129,59.96,134.95,2.59,2373.25,2566.00,82.16
3139,3159,106.27,152.27,1.72,842.85,864.00,139.28
3226,3236,65.92,86.81,1.97,704.55,736.50,77.38
3249,3272,67.95,137.25,2.28,1379.20,1450.00,88.26
3332,3359,63.71,135.12,2.68,1721.55,1855.50,85.06
3423,3446,63.41,112.18,2.07,1229.40,1323.00,76.58
3542,3567,59.69,130.07,1.90,1532.55,1606.50,81.05
3610,3652,61.93,138.22,1.44,970.40,1032.50,74.79
3752,3767,57.94,117.17,1.96,2156.85,2349.00,78.46
3790,3810,95.49,157.66,2.91,1573.95,1594.50,126.58
3963,3987,67.11,98.73,0.91,529.70,542.00,74.76
4027,4054,77.42,94.78,0.33,275.75,281.00,85.82
4139,4165,80.39,112.30,0.65,492.15,498.00,91.12
4213,4234,71.71,101.42,0.82,501.75,505.50,87.89
4260,4285,60.78,79.12,0.81,364.95,381.00,72.21
4313,4347,77.76,111.19,0.95,496.50,514.50,104.34
4483,4493,73.72,95.26,1.22,611.10,637.50,81.70
4674,4688,105.98,126.87,1.21,508.70,530.00,112.44
4770,4781,69.89,85.26,1.17,484.95,513.00,79.87
4830,4842,86.74,104.86,1.61,575.45,620.00,93.42
4921,4931,110.51,121.26,1.58,276.50,312.50,119.18
5018,5029,72.20,138.62,4.52,2633.40,2859.00,95.66
5060,5073,77.19,156.20,3.02,1908.85,1994.50,126.36
5142,5186,82.55,114.45,1.35,390.45,405.00,91.85
5254,5284,79.01,109.88,1.17,506.25,537.00,84.77
5308,5321,80.17,104.98,1.44,841.65,879.00,94.63
5350,5363,64.78,90.24,1.57,746.15,783.50,74.92
5470,5482,66.94,102.42,2.14,792.05,872.00,74.60
5504,5528,81.50,115.15,0.97,565.70,605.00,88.68
5621,5632,66.15,151.42,3.84,3087.35,3269.00,106.87
5657,5675,116.57,132.33,2.00,409.50,439.50,126.84
5762,5787,93.47,147.34,2.91,946.55,1020.50,110.43
5860,5874,74.69,113.09,2.28,1170.70,1220.50,94.57
5900,5911,78.18,137.05,5.54,2436.95,2681.00,100.88
5930,5950,98.21,136.23,2.26,708.95,732.50,126.05
5966,5976,70.59,100.28,2.17,1218.00,1311.00,86.09
6036,6046,70.06,130.98,4.34,2607.65,2829.50,98.58
6077,6087,92.88,141.46,4.88,1750.75,1901.50,108.25
6132,6153,80.97,124.93,5.68,1598.60,1782.50,96.38
6160,6170,115.88,134.83,2.69,729.85,781.00,125.49
6253,6267,71.40,82.44,0.47,305.90,329.00,79.66
6273,6286,75.95,118.58,2.08,1189.95,1248.00,101.12
6424,6436,94.47,112.92,1.04,583.15,617.50,105.40
6544,6559,77.17,134.81,3.18,1682.15,1797.50,119.31
6599,6611,77.15,116.60,3.75,1382.10,1525.50,89.74
6630,6643,92.68,114.70,1.84,627.70,652.00,101.98
6688,6719,76.76,133.78,1.46,817.55,837.50,108.35
6892,6907,114.08,158.73,5.42,1456.90,1547.50,130.02
6972,6990,61.41,101.02,2.17,1381.65,1474.50,77.70
6992,7022,100.78,137.10,1.09,608.05,625.00,127.63
7106,7130,85.04,124.33,1.75,543.30,556.50,94.98
7192,7205,69.94,127.58,3.12,1611.75,1746.00,83.88
7261,7271,65.83,89.46,2.19,842.25,906.00,74.16
7307,7320,65.14,115.19,4.02,1919.95,2068.00,87.79
7451,7473,73.78,126.22,1.56,901.45,920.50,112.25
7532,7544,64.04,80.82,1.24,410.90,425.00,69.38
7573,7589,61.40,92.20,1.90,746.50,776.50,79.57
7634,7655,75.06,127.17,1.77,1179.55,1204.00,97.81
7802,7813,76.87,99.50,1.73,672.45,696.00,86.48
7839,7859,83.02,105.75,0.66,440.60,461.00,90.45
7889,7900,67.11,85.11,1.36,511.60,539.50,72.52
7903,7925,84.70,102.53,1.14,260.85,280.50,87.08
7949,7973,70.73,89.04,0.71,410.10,432.00,84.56
8025,8051,66.80,128.96,1.10,1162.50,1194.00,98.80
8120,8132,72.64,99.20,1.44,871.90,916.00,83.47
8163,8186,71.83,113.53,1.99,629.45,647.00,82.13
8266,8276,87.36,108.32,1.65,687.20,747.50,101.75
8296,8315,62.23,107.96,2.15,1386.55,1472.50,78.57
8330,8346,85.30,110.67,2.52,482.55,490.50,103.65
8374,8385,96.51,130.74,2.24,1116.20,1172.00,111.93
8426,8444,71.53,84.72,0.92,293.05,302.50,80.35
8496,8518,73.15,115.53,1.40,741.95,764.00,102.35
8577,8600,63.21,97.72,1.23,897.20,974.00,72.25
8611,8629,89.64,110.07,1.41,345.50,371.00,92.98
8677,8693,55.65,123.86,1.86,2389.55,2561.00,82.83
8709,8731,77.04,142.47,2.46,1137.10,1165.00,106.12
8759,8769,70.21,101.10,1.73,1074.20,1133.00,88.14
8780,8791,82.84,110.01,2.27,927.05,977.00,94.56
8819,8835,77.59,112.45,0.84,663.05,678.50,87.75
8860,8874,82.80,106.41,0.50,649.25,671.00,97.18
9073,9084,107.61,128.05,1.85,556.35,567.00,117.85
9160,9175,93.65,128.13,2.16,749.10,781.50,118.52
9210,9222,81.86,94.45,0.97,397.05,412.50,88.76
9277,9287,73.65,91.18,1.36,667.80,708.00,82.68
9311,9330,83.94,150.09,2.23,1184.00,1218.50,106.52
9447,9470,58.84,81.92,1.07,522.65,554.00,75.76
9495,9512,91.82,112.82,1.04,591.95,615.50,100.53
9515,9526,112.76,126.24,3.06,385.55,398.00,120.34
9552,9566,65.44,113.32,2.16,1259.95,1324.00,82.35
9588,9600,80.28,115.16,1.98,904.25,951.50,92.89
9628,9640,82.66,124.12,2.29,1782.05,1943.00,100.30
9689,9702,96.00,144.53,1.69,1056.75,1155.00,107.48
9851,9865,69.34,97.59,2.30,706.10,732.50,78.74
9899,9910,86.65,105.08,1.08,607.60,632.50,95.31
9945,9957,71.08,117.44,2.72,1822.65,1977.00,89.93
9980,9992,80.30,133.66,3.96,2017.10,2226.50,98.28
10067,10081,107.31,146.75,2.83,916.25,981.50,117.03
10213,10225,77.14,109.04,1.98,789.25,796.00,94.75
10257,10271,78.88,103.78,1.63,706.05,747.00,88.30
10295,10306,76.06,122.66,3.96,1782.35,1907.00,97.16
10350,10366,86.93,102.90,2.35,611.10,661.50,93.37
10442,10454,78.32,97.91,1.91,464.25,466.50,87.81
10460,10471,88.25,138.41,2.68,1638.75,1738.50,106.64
10483,10497,116.33,154.20,2.36,1247.55,1326.00,129.91
10619,10642,79.80,100.89,0.32,354.20,363.50,94.59
10682,10712,72.69,115.90,0.59,619.60,644.50,90.76
10733,10744,85.38,115.39,1.78,986.45,1032.50,102.79
10780,10804,90.99,135.99,1.56,685.50,715.50,126.45
10842,10860,67.68,100.59,1.34,692.45,713.00,86.52
10902,10912,62.21,83.50,1.65,719.65,754.00,73.56
10917,10955,81.11,139.59,1.52,806.60,837.50,96.86
11045,11055,63.17,104.99,1.57,1516.05,1618.50,80.17
11060,11075,104.56,122.74,0.63,390.55,403.00,116.40
11123,11154,72.16,139.85,1.26,1231.90,1267.00,100.02
11220,11241,84.08,116.78,1.06,851.50,905.50,108.15
11287,11299,74.44,114.35,2.87,1082.55,1128.00,85.92
11364,11379,61.84,81.24,1.22,375.60,400.50,66.79
11400,11412,72.00,85.41,0.96,384.05,398.00,78.31
11419,11449,82.74,134.41,1.23,782.35,808.00,103.37
11540,11552,67.78,83.42,1.00,395.65,403.00,74.01
11565,11579,76.94,88.33,0.38,255.05,273.50,85.93
11602,11615,83.29,97.15,0.75,361.70,386.00,91.65
11616,11637,97.13,109.85,0.86,326.20,344.50,101.62
11662,11674,99.36,118.09,1.44,567.30,610.50,105.21
11834,11877,62.52,94.92,0.57,365.20,383.50,88.01
11907,11941,79.14,120.95,1.03,515.95,532.00,110.16
12137,12154,78.34,93.74,0.65,347.50,352.00,85.75
12185,12207,76.51,101.25,0.64,402.55,407.50,89.73
12235,12257,76.92,111.70,1.96,828.30,871.50,86.97
12296,12309,64.79,96.13,2.34,1125.40,1228.00,75.81
12339,12356,82.00,92.35,1.39,337.35,354.00,87.57
12370,12388,94.68,108.00,1.48,387.45,405.00,102.62
12496,12508,67.98,102.07,2.80,1296.90,1396.50,82.39
12532,12542,70.87,143.58,3.33,2965.20,3198.00,101.38
12685,12696,90.26,120.27,3.09,928.50,957.00,106.16
12725,12736,94.94,109.73,2.14,411.30,420.00,103.46
12799,12809,59.56,89.67,2.51,1074.70,1147.00,70.71
12848,12863,62.44,111.60,1.23,1713.60,1870.50,79.87
12887,12899,84.82,103.59,1.43,499.10,561.50,90.12
12965,12976,93.25,110.10,1.53,651.20,725.00,99.88
12996,13007,111.61,123.18,2.19,368.30,386.00,116.54
13098,13109,67.43,94.63,1.29,820.10,849.50,83.19
13189,13212,74.73,112.15,1.49,627.75,661.50,82.39
13289,13303,63.37,85.67,1.22,452.40,478.50,80.89
13319,13349,75.69,118.81,1.10,723.85,749.50,95.93
13360,13380,116.53,127.58,2.00,349.60,376.00,122.60
13496,13506,58.61,132.40,2.58,2816.90,2973.50,98.23
13524,13541,114.34,153.10,3.39,1529.35,1648.00,135.02
13597,13631,78.71,126.83,1.80,711.10,761.50,115.02
13669,13679,91.31,102.77,1.50,496.05,544.50,97.96
13811,13827,57.82,152.42,3.00,3272.25,3462.00,104.90
13889,13901,66.30,96.48,2.23,1147.75,1232.50,81.73
13963,13976,109.15,127.66,1.80,699.20,752.00,120.91
14066,14085,58.75,132.15,2.71,2767.50,2932.50,95.83
14093,14112,116.03,146.68,2.99,616.10,642.50,130.22
14141,14157,78.95,152.36,3.11,1661.50,1792.00,131.46
14181,14194,75.75,159.44,3.62,2070.95,2214.50,97.27
14224,14240,72.88,127.19,2.35,1344.55,1450.00,90.25
14337,14348,85.65,120.64,4.34,1033.75,1072.00,106.01
14386,14402,65.49,88.53,1.81,525.90,564.00,82.28
14414,14432,86.83,122.95,1.39,1127.35,1216.00,111.82
14513,14524,87.37,108.77,0.82,548.15,554.00,100.47
14658,14682,89.23,145.56,2.17,1272.95,1362.50,131.57
14733,14748,114.44,142.55,1.98,672.75,708.00,121.98
14835,14851,69.86,93.76,0.81,524.20,547.00,86.44
14877,14899,70.16,108.97,0.83,658.20,681.00,97.39
14979,14989,68.68,123.88,1.85,2148.20,2292.50,97.16
15073,15087,63.21,107.09,2.32,1482.75,1606.50,80.11
15119,15131,103.56,124.03,1.60,851.80,925.00,115.31
15149,15160,115.98,130.01,2.41,432.35,456.50,125.80
15243,15257,66.38,93.44,2.26,802.60,851.50,75.19
15260,15270,93.12,105.61,1.26,377.45,390.50,100.82
15323,15334,97.84,117.38,1.17,645.75,681.00,106.50
15393,15404,57.33,102.18,2.53,1799.45,1938.50,76.70
15427,15438,63.70,120.03,3.53,1864.80,1999.50,82.66
15464,15475,67.89,99.75,3.84,1212.90,1294.50,83.86
15492,15521,93.39,126.95,1.16,448.45,493.00,123.08
15730,15743,61.61,115.30,2.14,1936.95,2104.50,79.45
15755,15772,109.31,136.09,2.26,546.65,557.00,125.49
15867,15893,103.41,143.37,0.91,624.20,639.50,130.63
15978,16000,57.48,138.15,2.08,1999.45,2146.00,81.71
16039,16049,95.61,110.61,4.64,510.05,557.00,99.88
16130,16148,94.37,108.49,1.42,276.05,285.50,99.16
16180,16202,62.62,87.57,0.61,542.35,566.50,70.61
16477,16489,77.87,116.74,1.70,1283.60,1343.00,97.31
16573,16591,59.22,102.52,1.35,1237.25,1304.00,76.84
16595,16605,101.79,112.60,2.38,448.00,481.00,106.58
16610,16621,109.44,147.10,3.02,1125.40,1162.00,128.03
16669,16682,70.34,89.28,1.58,570.05,605.00,76.06
16683,16706,89.09,133.95,1.11,1038.40,1087.00,105.07
16764,16793,68.19,124.73,1.82,689.75,710.00,111.08
16796,16807,124.71,136.65,2.08,553.80,619.50,132.45
16827,16846,114.00,138.07,2.99,588.45,603.00,124.88
16982,16992,58.56,93.64,1.01,1313.55,1423.50,72.14
16999,17009,91.48,116.92,3.86,986.60,1047.50,104.52
17070,17101,124.05,151.09,0.73,415.40,441.50,134.83
17605,17615,94.41,105.05,0.65,432.25,469.00,98.86
17698,17710,62.41,109.49,4.52,1795.60,1916.50,87.72
17825,17838,96.78,117.15,0.76,758.45,810.50,106.50
section,ForkStrokeDown
# t1,t2,p1,p2,gforce,slope3,slopeMax,pMaxSpeed
21,73,62.21,111.51,1.49,462.80,468.50,77.88
132,144,104.06,116.17,0.60,340.25,371.00,113.29
151,172,85.01,113.22,2.78,428.30,444.50,92.63
265,283,102.22,155.18,1.27,927.90,940.50,135.19
286,320,61.38,102.32,1.37,564.20,588.50,93.88
391,402,115.42,141.11,1.47,911.65,979.00,124.23
408,437,62.69,126.32,2.47,924.90,940.50,90.02
455,466,72.12,98.68,0.80,644.45,659.00,87.48
500,519,64.80,107.96,2.34,732.05,737.00,90.92
534,550,88.42,139.13,1.66,1091.40,1125.00,111.47
558,575,92.60,148.48,3.12,1191.45,1206.00,110.61
582,598,83.24,154.68,4.89,1250.35,1274.50,129.90
654,668,84.81,133.67,2.41,986.30,993.50,113.45
675,685,123.58,148.73,1.50,617.15,635.00,141.81
713,731,95.27,127.23,1.98,651.20,674.00,102.08
767,782,83.81,131.09,2.89,960.10,983.50,116.13
809,834,63.95,99.00,1.36,682.55,693.50,85.62
895,923,130.70,158.60,1.33,300.25,305.50,147.20
942,958,117.94,128.25,0.86,355.65,385.50,121.23
979,996,83.60,112.36,2.96,719.90,725.00,95.22
1004,1015,84.22,103.19,1.76,564.30,576.00,92.53
1057,1067,107.24,127.81,2.25,635.95,659.50,118.35
1085,1102,107.05,121.31,0.93,357.50,366.50,115.36
1103,1116,74.66,107.06,2.03,802.20,820.50,92.14
1124,1144,82.49,98.56,0.97,404.20,422.50,92.69
1194,1227,68.69,94.23,0.66,444.15,451.50,79.14
1271,1285,69.25,80.19,1.77,302.05,307.00,74.04
1295,1309,76.27,131.84,3.43,1104.00,1132.50,116.75
1366,1437,61.77,144.72,1.05,721.20,732.00,115.51
1498,1511,85.31,138.97,3.40,1151.75,1169.00,115.98
1518,1532,88.17,139.95,2.55,1137.55,1150.00,114.38
1538,1552,69.19,96.35,1.65,686.15,717.50,88.31
1574,1588,93.02,118.08,1.40,525.70,563.50,110.79
1625,1636,114.11,124.44,1.47,416.65,446.50,119.72
1642,1654,101.12,114.32,0.33,441.60,463.50,108.09
1705,1725,91.73,127.70,1.50,779.15,818.00,118.93
1737,1758,75.21,91.53,1.09,346.95,369.00,86.90
1774,1807,63.81,98.98,0.67,563.20,578.50,81.76
1842,1861,102.26,119.70,1.24,390.50,425.00,105.86
1880,1897,96.15,120.53,1.02,669.75,696.00,108.07
1941,1988,57.72,123.33,1.22,736.30,749.50,104.46
2047,2073,68.84,117.68,2.80,812.00,818.00,95.60
2094,2146,109.41,147.29,0.74,508.95,540.00,116.15
2148,2169,65.16,109.44,1.32,773.55,778.50,91.56
2202,2213,72.63,88.27,2.77,374.00,378.50,82.51
2237,2264,75.55,111.15,1.16,590.05,613.00,87.62
2322,2337,65.15,113.21,2.21,956.45,974.00,98.35
2345,2355,80.06,96.33,2.57,519.90,549.00,88.26
2410,2424,105.70,119.83,0.52,500.85,532.50,112.39
2428,2443,95.14,106.07,0.53,207.90,217.50,97.60
2480,2521,72.48,119.99,0.72,561.05,573.50,87.24
2561,2594,78.54,112.47,0.55,321.90,334.50,92.74
2623,2633,67.02,82.83,1.30,445.90,454.00,76.41
2666,2706,74.22,116.71,0.94,611.55,630.00,102.20
2709,2730,60.54,74.32,1.06,273.55,275.50,69.86
2770,2780,103.91,116.96,0.98,434.10,459.00,111.90
2790,2804,102.42,120.44,0.57,361.20,373.50,115.62
2808,2841,64.88,103.67,1.30,448.40,456.50,90.72
2917,2934,65.79,104.12,1.77,712.95,724.50,90.93
2941,2953,74.28,86.95,1.95,408.05,441.50,80.27
3023,3064,61.62,127.96,0.96,969.20,989.00,103.41
3129,3139,106.27,134.95,2.98,1018.35,1066.50,121.86
3168,3204,69.96,149.03,2.14,730.20,754.50,131.85
3236,3249,67.95,86.81,2.36,462.20,476.00,79.55
3283,3313,64.30,130.05,0.90,677.35,695.50,94.02
3319,3331,63.71,77.81,1.45,361.30,376.00,69.09
3366,3403,65.46,134.31,1.73,726.15,742.50,117.43
3471,3505,56.56,131.66,0.89,1099.70,1110.50,87.05
3579,3605,61.57,132.82,1.33,1076.05,1091.50,107.22
3652,3704,58.08,138.22,1.15,650.30,659.00,118.87
3777,3790,95.49,131.73,1.86,1183.40,1215.50,110.23
3826,3869,90.17,158.97,0.87,591.35,605.00,119.13
3871,3882,78.79,90.28,1.08,398.45,417.50,83.76
3987,4027,77.42,98.73,0.47,272.05,275.50,88.28
4106,4137,80.41,107.89,0.49,345.25,352.00,90.80
4166,4201,72.03,112.30,0.52,412.05,420.00,94.33
4234,4260,60.78,101.42,1.33,563.05,571.00,81.44
4359,4377,70.88,109.41,1.21,798.70,815.50,92.65
4409,4431,81.80,113.28,2.04,569.55,583.50,89.64
4463,4483,73.72,99.54,1.80,499.90,515.50,80.75
4493,4521,61.62,95.26,2.19,534.80,542.00,85.94
4537,4559,108.34,154.73,1.43,826.65,867.00,140.70
4600,4611,124.89,145.18,1.51,616.35,642.00,136.10
4639,4674,105.98,135.68,0.97,351.05,366.50,129.01
4688,4733,80.72,126.87,0.82,575.05,586.00,97.05
4737,4753,69.53,80.79,1.96,344.20,353.50,75.02
5003,5018,72.20,111.90,2.43,788.40,801.00,98.06
5029,5060,77.19,138.62,1.88,846.95,879.50,96.95
5119,5131,90.02,109.17,2.85,597.60,630.00,101.17
5186,5203,94.21,114.45,0.59,431.00,440.00,105.86
5206,5220,78.09,94.27,0.91,431.10,451.50,82.76
5284,5308,80.17,109.88,1.23,517.45,532.00,97.61
5321,5333,79.87,104.98,1.01,638.05,649.00,92.09
5336,5350,64.78,80.58,1.45,396.30,405.00,73.80
5386,5406,101.59,117.26,1.05,270.85,287.50,114.41
5446,5470,66.94,106.80,1.32,648.45,652.50,83.86
5491,5504,81.50,99.06,1.05,499.95,517.50,89.76
5528,5552,73.56,115.15,1.15,495.70,512.50,103.26
5561,5573,86.14,99.73,1.18,323.65,329.50,93.69
5595,5621,66.15,98.21,2.35,652.80,661.50,86.90
5632,5657,116.57,151.42,3.55,700.25,732.50,135.66
5675,5742,60.50,132.33,1.14,894.80,908.00,95.60
5751,5762,93.47,104.71,1.86,270.65,305.00,95.32
5787,5824,61.60,147.34,1.63,930.80,966.50,95.51
5883,5900,78.18,108.77,1.78,688.95,708.00,96.20
5911,5930,98.21,137.05,1.89,996.95,1047.50,111.97
5950,5966,70.59,136.23,2.75,1187.60,1211.00,118.07
5976,5995,64.27,100.28,2.11,672.65,681.50,86.49
6023,6036,70.06,107.58,2.62,864.60,891.00,96.27
6067,6077,92.88,116.41,2.39,724.35,778.50,98.69
6087,6103,91.79,141.46,1.85,989.20,1037.50,127.46
6121,6132,80.97,116.69,3.36,919.70,935.00,91.95
6183,6202,75.45,136.32,1.51,1097.40,1108.50,102.65
6207,6239,60.58,79.39,1.28,283.05,303.00,75.88
6306,6330,107.34,129.64,1.37,512.75,549.50,121.32
6352,6362,83.31,112.70,3.04,878.75,900.50,93.69
6369,6379,74.60,109.34,2.09,928.55,942.50,94.32
6386,6400,76.93,111.02,1.91,997.05,1035.00,97.87
6436,6448,84.56,112.92,2.07,663.60,681.00,92.11
6491,6507,69.42,115.08,2.53,823.65,832.50,89.23
6530,6544,77.17,102.32,2.76,507.00,529.50,97.15
6559,6572,82.03,134.81,3.93,1147.10,1179.50,118.69
6581,6599,77.15,125.73,3.42,975.90,1008.00,88.06
6611,6630,92.68,116.60,1.72,377.20,395.50,97.52
6643,6655,77.39,114.70,1.91,893.20,896.50,92.83
6663,6688,76.76,96.71,1.15,307.95,327.00,81.09
6744,6795,60.09,142.50,1.48,870.80,884.00,96.75
6917,6930,105.74,146.16,2.19,1227.95,1274.00,126.54
6932,6947,69.84,107.35,2.93,706.75,710.50,88.64
6953,6972,61.41,92.47,2.16,737.70,769.50,80.10
7031,7044,112.84,141.20,0.91,776.60,803.00,128.27
7049,7083,62.95,116.65,1.53,917.25,925.50,97.73
7092,7106,85.04,97.08,1.22,280.95,292.50,91.23
7130,7157,84.89,124.33,1.07,497.95,512.50,95.08
7160,7178,60.00,85.04,1.22,533.65,547.00,76.97
7214,7227,104.87,129.08,0.79,574.65,583.50,118.58
7248,7261,65.83,99.17,2.11,694.60,715.00,90.21
7285,7307,65.14,87.52,1.54,369.45,385.50,82.86
7320,7336,101.76,115.19,2.85,251.90,261.50,106.47
7359,7374,111.06,155.38,2.02,1353.50,1379.00,138.11
7379,7407,63.16,113.25,1.49,925.25,938.00,91.36
7436,7451,73.78,90.81,1.94,419.65,427.00,86.09
7499,7532,64.04,128.93,1.02,930.35,954.50,109.44
7554,7570,61.41,78.95,1.16,378.30,385.50,71.20
7605,7618,70.17,87.37,1.58,354.10,376.00,73.84
7655,7671,116.37,127.17,1.08,229.80,241.50,120.73
7714,7770,74.70,117.89,0.52,407.65,415.00,94.23
7813,7826,85.30,99.50,1.21,361.00,371.50,92.48
7872,7889,67.11,103.54,1.88,704.70,720.00,92.94
7925,7948,70.73,102.53,1.60,502.80,510.00,90.03
8011,8025,66.80,84.74,1.17,430.25,432.50,75.57
8051,8064,115.95,128.96,0.69,329.30,339.50,123.80
8085,8120,72.64,123.78,1.22,663.40,671.50,97.77
8132,8147,84.88,99.20,1.00,477.45,498.00,91.85
8152,8163,71.83,89.76,1.43,458.65,469.00,80.57
8186,8209,88.70,113.53,0.78,484.45,500.50,97.02
8217,8229,75.37,96.03,1.35,536.80,547.00,86.37
8249,8266,87.36,101.41,1.41,280.35,300.00,90.39
8276,8296,62.23,108.32,2.13,872.10,898.50,96.62
8316,8330,85.30,107.96,1.34,522.60,552.00,100.39
8346,8359,86.85,110.67,1.30,553.70,566.00,95.55
8397,8426,71.53,138.13,1.62,948.25,955.00,102.63
8444,8460,73.05,84.72,2.13,278.75,305.00,75.15
8475,8496,73.15,137.68,2.56,978.55,991.00,102.31
8518,8533,104.92,115.53,1.38,286.15,298.00,111.15
8535,8577,63.21,104.95,0.95,390.65,405.50,98.60
8629,8677,55.65,110.07,1.70,791.10,813.00,94.45
8693,8709,77.04,123.86,2.74,963.50,986.00,103.04
8731,8759,70.21,142.47,1.28,1084.80,1101.00,112.57
8769,8780,82.84,101.10,1.95,462.70,481.00,94.89
8804,8819,77.59,100.52,1.12,467.30,476.00,90.38
8835,8845,89.33,112.45,1.72,803.55,852.00,98.31
8912,8929,79.86,109.08,0.88,723.55,761.50,99.42
8949,8960,81.78,101.75,1.50,520.60,539.50,87.30
8967,8989,64.33,109.07,2.59,818.00,834.50,95.11
9002,9027,99.92,125.21,1.17,358.25,390.50,120.47
9084,9098,107.04,128.05,1.41,449.30,456.50,113.32
9104,9121,71.16,118.94,1.98,769.65,781.50,104.32
9129,9145,114.70,152.87,2.42,798.95,818.00,134.65
9150,9160,93.65,117.79,1.30,707.80,725.50,108.20
9175,9195,77.41,128.13,2.13,926.80,940.00,103.87
9222,9246,74.22,94.45,0.87,365.40,373.50,89.78
9330,9344,106.90,150.09,2.69,1123.85,1152.50,130.79
9369,9386,99.47,109.75,2.41,329.55,373.50,101.98
9397,9408,68.30,97.27,2.32,710.35,737.50,75.68
9415,9447,58.84,90.04,1.47,415.00,466.00,84.43
9526,9552,65.44,126.24,2.39,934.90,947.50,101.74
9574,9587,80.28,102.37,0.74,499.30,523.00,85.33
9600,9613,88.62,115.16,2.69,561.15,571.50,95.41
9664,9674,94.23,119.04,2.11,785.20,800.50,103.53
9702,9723,118.33,144.53,1.76,469.70,488.00,124.48
9781,9810,102.47,115.65,0.43,197.80,205.00,108.12
9831,9851,69.34,102.75,1.74,715.10,764.00,91.11
9865,9878,81.48,97.59,1.48,574.20,622.50,86.64
9910,9928,64.71,105.08,1.89,704.00,705.50,90.51
9935,9945,71.08,102.58,2.36,852.60,871.50,86.37
9957,9967,86.94,117.44,2.13,981.10,1006.00,101.83
10009,10022,118.22,136.10,2.30,566.80,613.00,122.59
10027,10039,89.23,131.87,2.96,1133.35,1172.50,111.85
10113,10136,130.06,146.26,0.85,347.25,381.00,133.80
10154,10177,90.37,131.13,0.43,635.75,674.00,96.27
10186,10213,77.14,132.79,1.30,637.60,647.50,87.61
10239,10257,78.88,104.64,0.92,604.70,644.00,84.72
10306,10317,89.84,122.66,1.91,919.70,942.50,104.99
10324,10339,80.94,108.68,1.38,510.55,527.50,91.13
10366,10382,89.32,102.90,1.74,390.45,412.50,97.29
10387,10401,67.47,90.14,1.70,527.60,546.50,77.21
10411,10431,68.37,100.61,0.74,510.85,524.50,92.17
10471,10483,116.33,138.41,0.83,743.00,779.00,128.45
10497,10529,81.80,154.20,2.04,1063.45,1108.00,133.84
10586,10619,79.80,92.64,0.44,175.20,180.00,87.22
10642,10675,72.98,100.89,0.44,335.30,344.00,92.12
10712,10733,85.38,115.90,1.51,773.00,795.50,102.70
10744,10764,85.77,115.39,1.40,625.15,649.00,95.52
10804,10842,67.68,135.99,1.04,794.35,823.00,105.91
10860,10893,62.30,100.59,1.11,434.60,440.00,76.38
10956,10987,71.40,139.59,1.33,661.80,676.50,126.22
11027,11045,63.17,86.01,0.71,465.70,478.00,73.59
11075,11089,94.77,122.74,1.17,672.80,693.50,111.16
11098,11123,72.16,102.58,0.87,381.55,395.50,94.46
11154,11174,110.98,139.85,0.97,436.70,449.00,132.76
11204,11220,84.08,112.94,1.20,589.45,595.00,97.43
11270,11287,74.44,129.47,2.05,957.05,977.00,112.41
11308,11363,61.84,114.62,1.54,483.10,515.50,91.26
11461,11522,82.02,134.50,0.71,299.55,307.50,97.35
11527,11540,67.78,82.25,1.65,351.40,356.50,75.80
11637,11662,99.36,109.85,0.84,215.15,219.50,103.87
11674,11706,96.74,118.09,0.65,275.30,285.50,108.14
11778,11813,66.06,89.48,0.74,337.25,339.50,81.40
11877,11892,81.37,94.92,0.77,338.40,349.50,89.91
11941,11973,98.84,120.95,0.61,322.40,332.00,110.00
12085,12123,73.82,100.52,0.51,190.55,192.50,88.45
12154,12185,76.51,93.74,0.60,243.05,254.00,79.62
12218,12235,76.92,101.11,0.55,479.30,488.00,83.73
12257,12274,89.87,111.70,0.79,424.60,439.00,104.09
12277,12296,64.79,90.36,2.29,459.80,468.50,79.53
12429,12443,85.23,105.46,1.34,599.10,622.50,94.22
12455,12471,64.54,104.98,2.20,892.20,910.50,87.51
12519,12532,70.87,110.89,1.39,793.40,806.00,96.40
12542,12557,114.60,143.58,1.33,820.65,894.00,122.24
12601,12615,117.58,129.54,1.02,334.40,347.00,125.25
12617,12635,106.93,117.62,0.99,307.05,322.50,113.60
12636,12647,82.13,106.95,1.74,761.55,774.00,92.20
12654,12667,99.71,116.53,1.62,425.80,442.00,111.31
12696,12725,94.94,120.27,0.88,390.50,425.00,98.42
12745,12799,59.56,115.02,1.59,893.30,900.50,98.36
12809,12848,62.44,89.67,1.34,395.40,408.00,73.25
12863,12876,94.92,111.60,1.06,629.75,693.50,100.65
12937,12957,100.18,118.47,0.51,479.40,510.00,105.91
13028,13071,100.72,123.93,0.53,324.35,351.50,103.56
13078,13098,67.43,103.74,1.11,499.70,522.50,96.68
13143,13156,93.59,106.24,1.21,282.20,293.00,102.75
13168,13189,74.73,97.74,1.09,339.00,358.50,93.50
13238,13253,88.06,106.02,0.79,391.40,405.50,93.17
13271,13289,63.37,81.12,1.33,367.95,378.00,74.83
13385,13445,59.19,127.56,1.22,933.65,950.00,94.30
13554,13572,66.64,140.26,2.78,1322.60,1347.50,117.47
13641,13669,91.31,126.69,0.62,405.80,417.50,117.16
13719,13765,57.88,101.59,1.75,634.25,642.50,86.74
13853,13868,83.74,158.83,1.75,1462.50,1486.50,124.11
13873,13889,66.30,93.36,2.09,576.15,591.00,81.30
13976,13998,66.02,127.66,1.59,980.55,988.50,105.28
14016,14036,62.60,83.40,1.76,516.50,539.00,76.66
14112,14141,78.95,146.68,2.25,990.55,1006.00,111.33
14157,14181,75.75,152.36,3.07,1700.75,1760.00,132.72
14194,14224,72.88,159.44,4.34,1521.85,1558.00,121.54
14240,14251,77.45,127.19,3.53,1200.35,1223.00,108.37
14287,14313,60.80,107.42,1.76,812.80,823.00,89.61
14367,14386,65.49,121.51,2.25,1032.10,1049.50,97.62
14432,14447,65.56,122.95,1.29,1013.60,1025.00,99.72
14456,14477,61.85,113.15,2.95,880.10,893.00,99.57
14503,14513,87.37,99.26,1.31,335.15,339.50,93.30
14524,14539,74.44,108.77,2.64,801.70,823.00,98.15
14557,14588,69.05,149.56,2.91,1098.50,1133.00,132.45
14597,14640,60.89,118.79,1.68,935.30,954.50,100.09
14698,14733,114.44,141.15,0.77,516.30,540.00,132.88
14748,14800,61.21,142.55,1.24,679.70,698.00,81.88
14861,14877,70.16,98.75,1.23,619.95,634.50,85.96
14899,14943,60.68,108.97,1.23,560.05,571.00,92.66
14966,14979,68.68,97.48,1.99,744.25,766.00,84.91
15018,15035,90.13,129.24,1.52,669.55,683.50,99.52
15041,15068,63.20,98.16,1.19,567.95,588.50,87.30
15099,15109,85.19,102.21,2.90,547.05,580.50,89.94
15160,15217,63.64,130.01,1.31,515.75,522.50,78.70
15226,15243,66.38,92.09,2.22,431.40,439.50,77.66
15298,15322,97.84,158.85,1.81,1016.80,1025.50,129.37
15334,15357,80.52,117.38,1.56,491.35,505.00,110.11
15375,15393,57.33,113.42,2.17,1263.10,1286.50,91.40
15404,15427,63.70,102.18,3.10,608.10,637.50,94.66
15445,15464,67.89,116.13,1.63,1118.75,1145.00,98.31
15521,15536,108.61,126.95,0.53,340.75,368.50,124.17
15559,15579,90.36,113.78,0.77,529.70,542.00,100.53
15698,15715,61.73,79.54,1.32,360.55,368.50,72.11
15779,15819,107.11,136.17,0.49,425.05,442.00,123.51
15896,15945,56.81,143.40,1.31,965.80,979.00,109.96
16115,16130,94.37,107.75,0.93,308.40,322.50,103.89
16148,16180,62.62,108.49,1.63,745.10,753.50,91.57
16230,16241,65.98,83.17,1.87,421.75,430.00,73.93
16249,16265,69.62,118.63,2.84,912.45,922.50,95.34
16292,16303,106.65,142.86,2.03,1023.10,1042.00,124.35
16312,16337,96.13,138.31,1.33,737.50,769.00,108.42
16353,16372,63.21,101.78,2.19,717.85,725.50,88.72
16426,16446,80.39,128.69,1.24,779.10,808.50,88.20
16452,16477,77.87,92.81,1.14,398.05,442.00,89.41
16526,16566,59.24,112.71,1.09,815.05,827.50,85.81
16621,16650,69.24,147.10,1.21,811.95,825.00,88.68
16709,16734,66.75,133.94,1.26,1042.55,1055.00,95.18
16807,16818,123.93,136.65,1.73,389.65,403.00,131.99
16846,16903,60.95,138.07,1.11,972.30,984.00,98.47
17029,17048,116.11,135.20,0.59,429.30,447.00,128.53
17193,17254,94.56,140.70,0.58,263.90,273.50,113.37
17283,17294,89.48,102.50,0.82,368.95,383.50,93.01
17334,17372,91.83,117.29,0.67,241.90,251.50,104.47
17455,17478,83.24,97.87,0.74,286.95,300.00,87.88
17534,17547,68.59,89.93,1.91,548.55,556.50,77.35
17578,17597,93.27,115.81,0.79,537.10,559.00,102.14
17615,17634,92.18,105.05,0.80,350.85,366.00,96.44
17635,17657,76.09,92.19,0.96,462.70,505.00,85.12
17665,17698,62.41,118.09,2.09,909.80,930.50,104.63
17710,17741,69.12,109.49,2.19,643.10,666.50,80.49
17773,17789,61.17,94.11,2.06,726.95,752.00,82.94
17798,17810,92.56,102.87,1.27,452.70,498.00,98.39
section,rearResults
movingCount,1,17854
filterRatio,1,51
timeComp,1,3352
timeReb,1,5874
axleMin,1,3.68
axleMax,1,132.755
axleAvg,1,47.602760334976395
axleMovingAvg,1,47.63150475524056
segments,1,2
maxCompressionSpeed,1,4759.55
avgCompressionSpeed,1,781.3963333333331
compressionSpeed95,1,1881.9499999999998
maxReboundSpeed,1,1026.1000000000004
avgReboundSpeed,1,527.6018518518515
reboundSpeed95,1,850.0999999999996
axleTravelTotal,1,20726.58750000009
totalTravelComp,1,4965.464999999999
totalTravelReb,1,8062.917499999997
histogramLPS,42,20,146.0,22,1401,1324,1640,1940,2115,2006,1916,1439,1308,1022,522,528,322,210,56,68,6,7,0,22,1401,1324,1640,1940,2115,2006,1916,1439,1308,1022,522,528,322,210,56,68,6,7,0
invalidSamples,1,0
section,RearStrokeUp
# t1,t2,p1,p2,gforce,slope3,slopeMax,pMaxSpeed
77,102,16.07,49.87,0.00,769.45,803.50,27.68
122,137,72.06,87.61,0.00,412.75,436.00,76.88
232,282,24.29,97.30,0.00,717.15,763.50,35.39
470,485,49.08,61.70,0.00,342.55,389.50,58.10
675,688,51.47,64.35,0.00,426.25,458.50,60.28
715,730,51.83,79.82,0.00,851.20,944.50,58.67
879,895,49.69,77.05,0.00,690.65,743.00,57.45
1057,1071,55.81,73.46,0.00,657.45,696.00,63.66
1078,1098,68.76,80.72,0.00,375.00,409.50,76.54
1474,1498,12.05,90.56,0.00,1748.70,1879.50,37.06
1612,1643,73.53,93.57,0.00,333.10,338.50,82.50
1881,1926,47.29,98.44,0.00,677.70,688.50,73.30
2201,2243,23.63,55.91,0.00,472.35,508.50,31.32
2296,2314,27.10,38.63,0.00,336.85,362.50,31.66
2386,2419,54.64,70.58,0.00,237.90,253.50,64.27
2461,2483,65.05,79.44,0.00,241.70,258.50,67.78
2536,2579,22.96,83.88,0.00,640.05,669.00,40.10
2637,2675,12.88,69.98,0.00,720.65,732.50,38.72
2747,2772,10.37,56.93,0.00,844.85,915.50,48.35
2857,2884,22.77,35.78,0.00,279.00,303.00,32.52
2888,2915,35.67,56.78,0.00,368.75,390.50,42.09
3139,3164,11.23,117.04,0.00,1872.40,2011.00,66.95
3255,3273,29.50,90.02,0.00,1482.30,1530.00,62.15
3337,3354,17.25,72.78,0.00,1898.85,2019.00,48.36
3358,3372,68.16,108.08,0.00,1587.60,1723.50,86.10
3438,3477,15.37,101.64,0.00,965.15,1020.50,29.28
3541,3562,9.09,44.03,0.00,1363.10,1493.00,31.53
3622,3658,29.49,97.53,0.00,843.35,905.00,38.58
3793,3815,7.62,120.37,0.00,3286.35,3574.50,42.48
3970,4000,17.37,29.10,0.00,147.25,154.00,24.44
4027,4063,21.66,37.84,0.00,209.30,219.50,25.99
4090,4122,37.72,53.65,0.00,167.55,171.00,46.74
4145,4166,47.17,57.41,0.00,233.85,253.50,50.83
4216,4245,31.84,44.59,0.00,169.15,173.50,35.45
4319,4373,15.18,59.94,0.00,492.20,528.50,21.00
4525,4537,20.18,37.83,0.00,620.05,653.50,30.61
4845,4865,38.33,56.37,0.00,336.60,343.50,47.47
5033,5044,25.92,41.70,0.00,530.35,560.50,35.39
5073,5088,48.13,78.72,0.00,724.15,773.50,69.92
5154,5194,44.89,86.61,0.00,380.05,406.00,48.58
5268,5290,33.66,53.44,0.00,406.75,430.00,40.39
5358,5377,32.05,59.38,0.00,690.50,719.00,48.15
5478,5496,23.97,37.62,0.00,420.30,459.00,33.95
5504,5527,26.33,66.08,0.00,897.20,960.50,37.68
5759,5774,11.81,80.68,0.00,2928.70,3172.00,47.93
5866,5886,31.86,50.25,0.00,561.55,610.00,37.73
6173,6188,75.98,96.67,0.00,704.10,742.50,84.92
6289,6303,45.04,75.34,0.00,763.25,798.50,65.18
6456,6469,41.85,57.84,0.00,455.00,476.00,48.76
6490,6501,55.77,78.05,0.00,769.35,817.50,68.86
6695,6746,38.43,108.38,0.00,760.15,779.50,85.62
6891,6901,9.16,116.00,0.00,4759.55,5214.50,54.24
6905,6916,108.85,121.79,0.00,609.85,682.00,115.82
6998,7029,23.95,79.75,0.00,999.45,1062.00,57.26
7119,7141,55.85,82.69,0.00,609.90,655.50,63.31
7195,7216,26.70,76.83,0.00,1463.15,1553.00,59.67
7309,7330,24.83,57.14,0.00,601.10,642.50,49.39
7336,7355,45.11,106.45,0.00,1450.45,1526.50,62.28
7455,7493,11.07,98.92,0.00,1881.95,2036.00,30.80
7586,7598,15.49,26.77,0.00,398.35,425.50,21.34
7647,7664,37.77,54.12,0.00,597.25,644.50,46.49
7670,7694,45.98,65.21,0.00,447.50,474.50,52.34
7839,7856,33.22,45.62,0.00,438.65,471.50,39.74
7995,8014,30.96,45.45,0.00,334.60,358.00,41.87
8034,8052,43.72,55.24,0.00,192.50,194.00,48.42
8168,8189,39.59,67.00,0.00,714.75,768.00,59.13
8241,8257,29.35,43.26,0.00,401.90,428.00,38.19
8303,8315,26.33,55.60,0.00,902.30,966.50,45.39
8368,8389,44.24,73.53,0.00,476.00,485.00,63.81
8465,8489,29.20,59.27,0.00,686.40,726.00,39.92
8586,8604,16.84,27.92,0.00,239.00,251.00,23.50
8615,8637,26.38,42.53,0.00,383.05,418.00,39.01
8699,8734,15.17,95.12,0.00,1405.85,1494.50,35.32
8794,8808,28.14,60.73,0.00,956.25,1008.00,46.55
8894,8911,37.14,54.04,0.00,424.30,434.50,47.72
8967,8985,28.10,45.70,0.00,455.35,491.50,40.63
9107,9121,50.58,62.69,0.00,373.80,405.00,56.23
9134,9144,46.53,77.75,0.00,1071.05,1140.50,57.69
9252,9262,20.28,34.77,0.00,576.50,621.50,27.94
9314,9343,38.47,80.23,0.00,630.20,639.50,69.16
9401,9418,49.67,68.88,0.00,551.70,598.50,63.58
9506,9517,48.68,64.55,0.00,591.15,627.00,56.05
9594,9605,13.69,32.17,0.00,742.00,812.50,23.80
9629,9641,20.08,32.84,0.00,448.00,481.00,25.81
9761,9791,45.31,75.40,0.00,432.85,455.50,50.90
10101,10115,78.70,94.27,0.00,358.05,393.00,83.13
10219,10231,35.55,62.00,0.00,777.95,813.50,46.77
10276,10296,34.83,45.95,0.00,345.45,372.00,39.84
10474,10494,44.59,87.99,0.00,1012.65,1072.50,56.65
10500,10511,83.04,107.11,0.00,937.45,1028.50,90.79
10691,10740,21.85,49.80,0.00,277.35,289.50,34.23
10777,10798,36.28,64.30,0.00,632.10,658.50,46.77
10803,10820,63.91,76.14,0.00,269.85,274.50,71.78
10915,10956,10.96,78.29,0.00,615.00,634.50,25.92
11052,11080,12.07,70.08,0.00,824.70,846.00,42.88
11141,11171,30.46,59.20,0.00,362.90,378.50,37.17
11421,11467,7.50,104.85,0.00,1105.95,1200.00,19.27
11604,11642,23.43,58.20,0.00,466.50,496.50,38.11
11902,11954,8.57,69.38,0.00,1051.45,1097.50,32.41
12189,12222,21.99,43.77,0.00,294.60,297.00,34.89
12242,12265,38.31,48.92,0.00,179.10,187.50,46.48
12350,12366,24.43,40.94,0.00,376.70,399.50,28.25
12403,12425,46.89,64.37,0.00,369.75,390.00,59.41
12542,12558,37.40,71.58,0.00,859.50,901.50,60.09
12700,12714,49.91,67.20,0.00,352.80,373.50,54.73
12923,12947,27.77,55.66,0.00,934.45,1042.00,36.22
12997,13009,62.35,81.29,0.00,810.65,884.00,71.04
13133,13143,21.89,40.58,0.00,665.30,704.00,30.82
13191,13214,39.76,60.75,0.00,526.30,557.50,47.10
13220,13240,60.39,72.60,0.00,364.20,384.00,65.62
13327,13386,23.36,88.96,0.00,441.10,472.00,47.70
13535,13547,97.11,110.53,0.00,507.55,616.00,100.68
13621,13642,57.63,96.43,0.00,843.15,868.50,71.88
13827,13848,9.83,132.75,0.00,3829.25,4115.00,53.68
14103,14114,95.65,110.61,0.00,604.30,667.00,102.01
14165,14188,46.19,83.72,0.00,902.10,945.00,70.41
14213,14223,76.03,91.90,0.00,629.00,684.50,82.86
14258,14272,26.01,74.38,0.00,1221.90,1336.50,42.30
14349,14360,84.76,98.76,0.00,421.45,443.50,91.28
14416,14441,37.42,61.34,0.00,380.15,411.50,50.35
14542,14556,61.25,78.40,0.00,424.45,448.00,73.54
14664,14697,12.75,75.37,0.00,1179.90,1278.00,25.22
14737,14771,62.44,105.40,0.00,472.75,493.00,80.32
14826,14860,13.82,41.61,0.00,767.10,823.50,25.65
14878,14916,25.61,49.10,0.00,500.35,527.50,35.59
14990,15000,32.55,67.98,0.00,1328.45,1415.00,47.54
15099,15119,33.52,55.33,0.00,332.10,372.00,52.24
15122,15132,53.13,74.29,0.00,909.35,992.00,65.64
15273,15289,35.12,52.99,0.00,442.15,473.50,39.81
15291,15315,52.90,76.43,0.00,516.70,541.00,69.17
15358,15371,23.82,41.56,0.00,589.15,616.00,32.11
15430,15440,13.61,52.96,0.00,1316.90,1367.00,32.63
15512,15555,36.93,84.18,0.00,575.25,609.00,45.14
15727,15742,10.47,20.60,0.00,333.30,358.50,16.20
15764,15775,73.39,86.60,0.00,537.10,580.00,78.88
16026,16039,4.69,67.14,0.00,2195.45,2405.00,25.83
16045,16064,53.75,87.83,0.00,883.45,959.50,63.40
16226,16241,23.38,40.79,0.00,651.15,702.00,30.34
16247,16261,37.62,49.84,0.00,276.65,294.50,41.17
16487,16506,47.02,79.09,0.00,948.60,1021.50,61.79
16608,16633,68.35,96.23,0.00,960.00,1047.00,81.46
16682,16712,12.83,99.77,0.00,1415.90,1475.00,34.56
16781,16825,30.90,85.91,0.00,940.55,1010.00,43.59
16998,17010,10.21,67.69,0.00,2540.75,2796.50,39.21
17307,17335,52.27,69.38,0.00,223.90,244.00,55.50
17562,17576,27.88,42.40,0.00,433.90,454.00,36.25
17705,17718,13.58,62.12,0.00,1568.70,1662.00,31.73
17740,17752,14.87,56.48,0.00,1567.15,1666.00,36.56
17801,17817,15.01,41.56,0.00,527.05,550.00,34.55
17826,17847,27.70,69.11,0.00,1243.45,1343.50,42.13
section,RearStrokeDown
# t1,t2,p1,p2,gforce,slope3,slopeMax,pMaxSpeed
33,43,30.66,44.42,0.00,514.65,541.50,35.79
46,63,13.44,32.91,0.00,446.95,460.00,27.20
102,112,25.80,49.87,0.00,642.05,651.50,32.89
170,182,47.39,76.22,0.00,832.75,848.50,57.23
186,204,22.12,60.69,0.00,690.15,708.00,52.76
282,326,14.86,97.30,0.00,745.75,754.00,47.08
409,431,55.26,96.64,0.00,882.70,899.50,66.55
501,526,28.29,55.46,0.00,419.65,448.00,50.81
533,548,16.94,37.51,0.00,452.25,454.50,25.71
568,581,38.81,73.52,0.00,915.60,937.50,55.07
587,610,13.93,55.52,0.00,543.75,555.00,37.63
617,639,14.47,37.68,0.00,309.40,316.00,22.60
662,675,51.47,63.38,0.00,472.55,512.00,57.13
688,702,23.45,64.35,0.00,725.80,730.00,48.97
752,764,67.09,89.84,0.00,768.60,814.50,75.44
780,790,49.96,65.34,0.00,535.45,568.00,55.63
804,824,17.70,57.48,0.00,643.70,653.00,37.97
900,910,58.58,76.69,0.00,581.95,652.00,62.49
914,924,43.09,67.71,0.00,605.45,623.00,59.72
1030,1042,36.67,49.03,0.00,305.70,331.50,39.04
1098,1122,56.95,80.72,0.00,529.60,544.00,63.81
1205,1248,30.74,67.88,0.00,287.25,301.50,33.75
1260,1274,16.70,27.46,0.00,290.30,300.50,23.40
1363,1465,12.44,95.82,0.00,565.00,584.50,63.39
1508,1529,67.54,97.35,0.00,511.20,538.50,92.10
1532,1547,24.12,68.05,0.00,751.70,770.00,57.74
1553,1568,20.02,62.80,0.00,781.30,800.50,54.01
1574,1589,22.52,41.17,0.00,344.30,363.50,37.23
1643,1666,77.67,93.57,0.00,458.40,487.50,82.52
1707,1731,61.07,87.23,0.00,420.10,446.50,81.19
1737,1753,54.68,74.40,0.00,529.25,561.50,68.79
1942,2034,9.57,104.66,0.00,498.90,529.50,96.76
2101,2111,76.50,92.46,0.00,543.50,570.50,82.62
2140,2175,40.46,79.29,0.00,574.60,599.50,47.27
2176,2186,21.75,40.67,0.00,548.50,563.50,33.63
2243,2264,21.33,55.91,0.00,597.15,613.50,35.47
2314,2346,17.83,38.63,0.00,546.25,559.00,25.29
2363,2374,20.82,39.34,0.00,449.75,459.50,25.71
2488,2530,22.49,79.40,0.00,418.40,425.00,41.26
2579,2636,12.88,83.88,0.00,537.40,544.00,33.58
2675,2722,16.40,69.98,0.00,382.70,393.50,34.40
2808,2822,48.22,65.72,0.00,569.65,599.50,58.25
2828,2846,25.96,48.43,0.00,443.55,456.00,32.62
2927,2948,28.11,57.09,0.00,483.70,490.00,46.18
3017,3056,26.29,104.83,0.00,611.20,623.50,35.71
3059,3083,10.43,27.39,0.00,352.55,375.50,23.26
3175,3196,71.60,111.36,0.00,951.10,979.00,86.71
3199,3234,31.40,72.95,0.00,584.00,606.50,64.35
3286,3327,17.58,91.87,0.00,688.40,701.00,54.52
3372,3413,15.08,108.08,0.00,767.50,803.50,92.26
3477,3536,9.08,101.64,0.00,701.55,714.00,84.98
3582,3611,26.80,93.79,0.00,724.45,734.50,42.00
3673,3760,9.25,90.27,0.00,553.90,557.50,43.38
3839,3956,17.46,117.82,0.00,351.55,359.50,71.66
4006,4016,18.52,29.07,0.00,328.15,338.50,22.67
4166,4207,31.78,57.41,0.00,248.30,254.00,44.88
4245,4275,10.70,44.59,0.00,458.50,466.00,32.65
4404,4420,30.33,67.27,0.00,814.40,824.00,45.83
4476,4486,32.99,46.62,0.00,426.20,437.00,39.05
4512,4525,20.18,32.57,0.00,332.15,339.50,27.52
4537,4560,9.20,37.83,0.00,440.30,443.00,26.54
4601,4612,40.88,64.59,0.00,600.75,607.50,53.22
4698,4731,20.48,49.26,0.00,274.50,285.00,24.55
5020,5033,25.92,48.21,0.00,570.00,589.50,38.84
5044,5060,14.77,41.70,0.00,444.65,455.00,31.63
5113,5123,55.36,83.18,0.00,851.35,872.50,66.78
5134,5144,37.93,61.66,0.00,690.30,733.50,44.00
5194,5242,28.75,86.61,0.00,464.85,472.50,40.99
5300,5338,27.55,56.24,0.00,426.75,436.50,43.62
5446,5478,23.97,54.57,0.00,452.60,471.50,43.92
5546,5561,42.96,63.73,0.00,452.70,466.50,56.20
5577,5587,25.28,39.96,0.00,456.45,471.00,30.33
5677,5722,15.44,103.40,0.00,609.70,617.50,47.52
5790,5817,49.91,107.01,0.00,1026.10,1049.50,60.91
5821,5836,20.35,58.10,0.00,725.45,755.00,50.69
5955,5979,34.25,77.33,0.00,650.55,660.00,52.16
5985,6004,12.19,38.96,0.00,434.15,438.50,26.38
6017,6033,15.76,32.47,0.00,291.55,307.00,28.22
6039,6050,27.50,43.68,0.00,550.75,581.50,37.55
6058,6073,17.44,44.84,0.00,602.95,626.50,38.18
6103,6117,22.32,52.24,0.00,632.50,646.00,42.35
6124,6139,31.91,62.47,0.00,646.90,680.50,38.79
6188,6245,12.10,96.67,0.00,737.30,750.50,79.01
6361,6381,48.16,63.17,0.00,420.75,465.00,51.98
6383,6397,26.00,48.65,0.00,605.60,617.00,38.09
6403,6414,22.66,44.59,0.00,536.60,563.00,39.16
6469,6482,38.55,57.84,0.00,674.25,685.50,46.08
6501,6517,59.67,78.05,0.00,407.45,425.00,64.72
6523,6540,20.96,62.96,0.00,676.45,683.50,45.70
6593,6606,25.22,72.06,0.00,917.50,929.50,53.11
6648,6665,37.74,57.55,0.00,485.90,498.50,47.19
6673,6686,20.73,40.66,0.00,468.40,478.00,30.53
6746,6814,10.34,108.38,0.00,711.85,727.00,41.05
6943,6961,72.60,112.38,0.00,821.25,856.50,91.46
6962,6977,29.98,72.70,0.00,831.20,839.00,54.94
6982,6994,23.95,37.34,0.00,395.00,419.00,30.69
7061,7074,39.54,62.73,0.00,554.60,564.50,48.49
7076,7091,18.87,39.69,0.00,433.55,441.50,28.05
7141,7186,15.98,82.69,0.00,524.90,531.50,37.87
7236,7266,22.66,67.36,0.00,575.20,587.50,36.99
7299,7309,24.83,38.82,0.00,481.75,509.50,32.29
7355,7373,88.75,106.45,0.00,527.40,547.50,95.66
7378,7414,13.43,94.04,0.00,850.10,857.00,46.95
7500,7528,42.78,98.46,0.00,764.65,782.50,74.04
7550,7573,15.18,37.61,0.00,377.90,389.00,22.52
7747,7780,31.50,67.73,0.00,299.10,303.00,54.23
7879,7904,21.63,44.65,0.00,371.65,388.00,30.33
8102,8116,36.23,48.01,0.00,277.15,292.00,44.79
8189,8214,43.47,67.00,0.00,431.30,447.50,58.99
8285,8303,26.33,52.77,0.00,584.50,604.00,33.52
8315,8327,24.04,55.60,0.00,665.60,671.00,36.92
8409,8429,60.04,81.07,0.00,356.15,372.50,75.07
8430,8458,29.19,60.07,0.00,561.05,581.00,52.34
8541,8586,16.84,69.69,0.00,421.75,434.50,41.10
8637,8651,30.93,42.53,0.00,297.85,319.00,33.83
8734,8769,26.30,95.12,0.00,650.00,654.50,77.64
8844,8860,25.82,55.40,0.00,579.20,591.50,39.37
8985,8999,21.78,45.70,0.00,549.65,558.50,32.43
9007,9028,10.69,43.94,0.00,399.25,409.00,20.42
9121,9134,46.53,62.69,0.00,451.85,482.00,56.48
9144,9159,24.11,77.75,0.00,1017.60,1021.50,55.70
9189,9207,42.07,70.76,0.00,489.05,506.00,62.92
9214,9236,18.30,43.13,0.00,410.40,412.50,29.96
9367,9379,53.81,79.85,0.00,740.85,769.50,62.58
9427,9453,9.83,75.59,0.00,967.75,979.00,42.63
9539,9566,34.51,65.78,0.00,621.30,645.00,55.48
9575,9594,13.69,35.52,0.00,420.30,432.00,27.69
9641,9659,15.38,32.84,0.00,295.15,307.00,28.05
9677,9687,25.42,41.67,0.00,475.25,506.00,36.61
9709,9723,19.63,38.88,0.00,362.55,366.00,32.53
9728,9738,14.82,26.09,0.00,350.30,374.00,22.66
9817,9849,44.97,79.02,0.00,675.90,712.50,54.83
9852,9865,32.71,45.57,0.00,298.80,318.00,41.40
9878,9892,19.97,37.05,0.00,374.40,397.50,32.83
9923,9938,18.92,33.40,0.00,385.25,408.50,27.12
9948,9971,14.87,24.92,0.00,226.60,236.50,19.88
10008,10019,26.23,48.25,0.00,566.15,572.00,37.79
10026,10040,19.09,58.40,0.00,695.75,708.50,47.68
10115,10134,79.62,94.27,0.00,326.45,365.00,82.47
10136,10185,52.93,79.78,0.00,325.15,340.00,75.84
10198,10219,35.55,55.46,0.00,497.75,530.00,45.84
10231,10261,28.83,62.00,0.00,394.05,409.50,42.12
10327,10340,29.23,50.65,0.00,561.65,575.00,40.78
10347,10363,30.20,62.47,0.00,623.15,627.50,47.34
10415,10432,27.58,40.33,0.00,284.90,291.50,35.49
10434,10448,14.62,27.67,0.00,294.50,299.00,22.40
10511,10529,68.52,107.11,0.00,677.30,687.50,93.19
10535,10565,35.39,70.12,0.00,643.25,662.00,52.52
10648,10681,23.54,43.22,0.00,223.90,226.00,31.75
10820,10840,42.05,76.14,0.00,523.30,535.00,49.86
10864,10905,9.78,49.32,0.00,504.15,510.00,28.28
10971,11045,11.56,81.04,0.00,349.60,361.00,65.40
11095,11107,48.18,64.30,0.00,524.25,567.00,52.68
11111,11131,26.97,50.95,0.00,590.25,607.50,34.73
11200,11236,22.64,66.98,0.00,492.35,501.50,46.74
11263,11278,16.64,33.45,0.00,343.60,352.00,24.53
11313,11323,40.43,53.97,0.00,544.30,602.50,44.53
11334,11350,23.31,52.76,0.00,636.65,650.00,31.27
11391,11410,7.53,18.08,0.00,173.65,176.50,13.24
11483,11524,57.74,103.90,0.00,432.65,441.50,75.97
11535,11555,44.55,57.81,0.00,240.15,243.00,52.96
11569,11588,18.28,36.10,0.00,362.90,369.50,26.84
11717,11761,51.31,74.58,0.00,255.45,268.50,66.07
11789,11838,10.89,54.33,0.00,282.55,286.00,35.56
12090,12125,29.93,54.40,0.00,291.60,298.50,44.99
12265,12281,26.12,48.92,0.00,579.70,601.00,33.14
12325,12339,14.80,32.47,0.00,497.50,515.50,23.09
12425,12463,27.93,64.37,0.00,494.80,502.00,38.12
12474,12488,13.63,26.49,0.00,283.30,301.00,23.19
12558,12570,35.83,71.58,0.00,807.45,817.50,46.68
12583,12593,62.16,79.40,0.00,623.40,651.00,69.30
12640,12656,50.68,62.77,0.00,271.60,292.00,59.35
12675,12688,28.57,47.64,0.00,561.30,568.50,36.90
12747,12770,23.44,68.78,0.00,837.40,854.50,41.41
12772,12783,13.33,23.63,0.00,322.50,342.00,19.90
12874,12885,19.81,37.82,0.00,501.70,511.00,29.40
13060,13106,37.18,87.56,0.00,532.60,550.00,47.27
13114,13133,21.89,38.81,0.00,349.00,356.50,30.54
13240,13270,41.26,72.60,0.00,394.25,404.00,48.60
13401,13436,15.57,89.13,0.00,693.10,703.00,54.91
13547,13586,14.59,110.53,0.00,849.75,870.00,69.50
13642,13668,63.12,96.43,0.00,470.45,501.50,68.33
13720,13739,40.55,53.03,0.00,257.50,286.00,43.30
13741,13814,9.93,40.68,0.00,331.00,338.50,26.06
13848,13881,68.25,132.75,0.00,786.50,795.50,102.89
13882,13896,34.04,68.29,0.00,751.50,762.00,51.00
13902,13913,41.17,54.94,0.00,357.10,379.00,44.62
13986,14027,18.12,77.14,0.00,582.50,593.00,44.84
14048,14065,12.72,25.79,0.00,315.50,330.50,20.91
14114,14165,46.19,110.61,0.00,644.20,668.50,73.16
14188,14198,55.76,83.72,0.00,808.30,826.00,65.98
14223,14258,26.01,91.90,0.00,557.85,568.50,80.05
14283,14323,19.57,72.70,0.00,570.25,578.50,39.69
14360,14370,85.10,98.76,0.00,557.55,604.50,90.55
14371,14394,30.82,85.12,0.00,775.45,785.50,46.79
14444,14456,50.26,61.35,0.00,446.50,487.00,54.42
14463,14477,25.53,55.79,0.00,596.45,603.50,40.80
14489,14514,12.63,32.07,0.00,259.65,268.50,27.07
14556,14569,51.51,78.40,0.00,697.85,720.50,58.61
14575,14585,55.49,93.65,0.00,965.65,988.00,75.03
14589,14619,20.99,75.77,0.00,602.70,619.50,69.07
14626,14647,11.59,35.19,0.00,327.00,330.00,24.04
14711,14723,62.28,81.02,0.00,415.80,435.00,75.17
14771,14821,13.85,105.40,0.00,849.00,855.00,53.16
14860,14878,25.61,41.61,0.00,299.15,302.00,33.75
14916,14950,11.71,49.10,0.00,550.45,563.50,33.67
15028,15064,26.32,97.91,0.00,644.20,667.00,88.97
15166,15181,76.21,88.11,0.00,364.55,378.50,81.25
15187,15225,16.86,77.52,0.00,622.45,631.00,64.39
15340,15358,23.82,62.82,0.00,721.90,734.50,45.94
15396,15406,28.45,56.79,0.00,740.70,748.50,44.82
15412,15430,13.61,43.33,0.00,478.00,485.50,24.72
15440,15459,13.59,52.96,0.00,607.15,623.50,25.12
15555,15589,51.45,84.18,0.00,384.80,395.00,62.73
15600,15620,37.49,52.77,0.00,316.75,328.00,46.71
15692,15707,22.53,33.54,0.00,285.30,295.50,26.37
15709,15727,10.47,22.60,0.00,314.65,332.50,18.74
15792,15834,56.29,91.57,0.00,294.40,301.00,68.37
15930,15949,16.66,32.91,0.00,279.35,296.00,29.33
16064,16076,60.62,87.83,0.00,873.00,913.50,70.41
16148,16184,27.30,66.41,0.00,446.60,449.00,36.96
16189,16214,14.27,28.45,0.00,247.40,258.50,23.38
16261,16276,25.85,49.84,0.00,596.05,614.50,41.65
16292,16303,36.38,65.50,0.00,758.95,773.50,47.83
16323,16341,23.48,59.71,0.00,709.80,726.00,41.44
16388,16399,33.18,58.74,0.00,582.65,599.00,38.92
16426,16451,43.04,85.38,0.00,538.25,540.50,65.08
16456,16469,30.45,44.13,0.00,431.55,454.50,38.26
16524,16577,15.63,88.55,0.00,708.90,721.50,50.90
16633,16675,12.64,96.23,0.00,981.90,1003.50,74.29
16712,16750,24.83,99.77,0.00,699.75,720.00,80.38
16753,16769,13.68,25.27,0.00,274.65,292.50,21.42
16876,16906,21.14,98.64,0.00,931.20,942.00,65.41
16907,16959,10.03,21.14,0.00,116.15,120.50,19.54
17022,17051,38.32,65.94,0.00,434.00,443.00,54.11
17463,17483,41.15,57.35,0.00,313.50,327.00,45.20
17541,17553,23.51,41.75,0.00,494.75,501.50,31.62
17576,17597,17.49,42.40,0.00,492.25,500.50,28.34
17674,17694,20.93,45.63,0.00,418.75,422.50,34.65
17718,17740,14.87,62.12,0.00,678.90,696.00,37.74
17752,17767,30.29,56.48,0.00,481.35,492.00,44.88
17776,17786,23.52,36.33,0.00,453.70,469.00,30.08
17790,17801,15.01,26.61,0.00,378.45,396.00,20.99
section,shockResults
movingCount,1,17854
filterRatio,1,0
timeComp,1,0
timeReb,1,0
axleMin,1,1.28
axleMax,1,53.932500000000005
axleAvg,1,18.041914911494555
axleMovingAvg,1,18.052357985377334
segments,1,2
maxCompressionSpeed,1,1922.0
avgCompressionSpeed,1,311.5596666666667
compressionSpeed95,1,755.65
maxReboundSpeed,1,428.4000000000001
avgReboundSpeed,1,210.1469135802469
reboundSpeed95,1,351.3499999999999
axleTravelTotal,1,8258.010000000117
totalTravelComp,1,1991.3375
totalTravelReb,1,3211.643750000002
histogramLPS,42,20,59.732175,103,1811,1445,1888,2195,2158,2083,1504,1500,998,735,500,452,243,129,43,52,10,3,0,103,1811,1445,1888,2195,2158,2083,1504,1500,998,735,500,452,243,129,43,52,10,3,0
invalidSamples,1,0
section,ShockStrokeUp
# t1,t2,p1,p2,gforce,slope3,slopeMax,pMaxSpeed
77,102,5.74,18.71,0.00,291.60,304.50,10.07
122,137,27.77,34.33,0.00,173.75,183.50,29.78
232,282,8.79,38.48,0.00,276.85,295.00,13.02
470,485,18.39,23.49,0.00,139.30,158.50,22.02
675,688,19.35,24.58,0.00,173.95,187.00,22.91
715,730,19.49,31.03,0.00,346.50,384.00,22.26
879,895,18.63,29.85,0.00,280.00,301.00,21.76
1057,1071,21.09,28.35,0.00,269.90,285.50,24.30
1078,1098,26.40,31.41,0.00,157.45,172.00,29.64
1474,1498,4.28,35.59,0.00,676.45,728.50,13.69
1612,1643,28.38,36.88,0.00,141.10,143.50,32.16
1881,1926,17.68,38.97,0.00,282.05,288.50,29.73
2201,2243,8.54,21.13,0.00,180.55,194.50,11.45
2296,2314,9.84,14.27,0.00,128.55,138.00,11.58
2386,2419,20.62,27.15,0.00,97.55,104.00,24.55
2461,2483,24.86,30.86,0.00,99.95,107.00,25.99
2536,2579,8.29,32.73,0.00,251.45,261.50,24.34
2637,2675,4.58,26.90,0.00,280.70,285.50,14.31
2747,2772,3.67,21.55,0.00,336.15,364.50,18.10
2857,2884,8.21,13.16,0.00,106.85,116.00,11.91
2888,2915,13.12,21.49,0.00,144.80,153.50,15.63
3139,3164,3.98,47.05,0.00,773.65,830.50,25.68
3255,3273,10.75,35.36,0.00,606.20,626.00,23.69
3337,3354,6.17,28.07,0.00,755.65,803.50,18.13
3358,3372,26.15,43.14,0.00,674.60,732.50,33.69
3438,3477,5.48,40.35,0.00,366.70,388.00,10.68
3541,3562,3.21,16.39,0.00,519.95,570.50,11.55
3622,3658,10.75,38.58,0.00,329.15,353.00,14.25
3793,3815,2.68,48.51,0.00,1292.60,1404.50,15.89
3970,4000,6.21,10.60,0.00,55.25,57.50,8.84
4027,4063,7.80,13.96,0.00,78.95,83.00,9.43
4090,4122,13.92,20.22,0.00,66.50,68.00,17.46
4145,4166,17.63,21.75,0.00,93.35,101.00,19.09
4216,4245,11.64,16.61,0.00,65.20,67.00,13.04
4319,4373,5.42,22.77,0.00,183.20,197.00,7.56
4525,4537,7.25,13.96,0.00,236.25,249.00,11.18
4845,4865,14.15,21.32,0.00,134.15,137.00,17.75
5033,5044,9.40,15.47,0.00,204.80,216.50,13.02
5073,5088,18.02,30.56,0.00,300.45,321.00,26.88
5154,5194,16.72,33.90,0.00,151.45,161.50,18.19
5268,5290,12.34,20.14,0.00,159.35,168.50,14.96
5358,5377,11.73,22.54,0.00,275.10,286.50,18.02
5478,5496,8.66,13.87,0.00,161.50,176.50,12.46
5504,5527,9.55,25.29,0.00,348.25,373.00,13.91
5759,5774,4.19,31.38,0.00,1160.90,1259.00,18.01
5866,5886,11.66,18.86,0.00,217.15,238.00,15.11
6173,6188,29.41,38.21,0.00,299.30,315.50,33.18
6289,6303,16.78,29.14,0.00,313.75,328.00,24.92
6456,6469,15.53,21.91,0.00,181.45,190.00,18.26
6490,6501,21.08,30.28,0.00,318.75,339.00,26.44
6695,6746,14.19,43.27,0.00,322.90,331.00,33.48
6891,6901,3.23,46.59,0.00,1922.00,2102.00,20.66
6905,6916,43.48,49.12,0.00,266.20,298.00,46.52
6998,7029,8.66,30.99,0.00,405.80,431.00,21.69
7119,7141,21.11,32.24,0.00,250.25,269.00,24.16
7195,7216,9.69,29.76,0.00,595.75,632.50,22.68
7309,7330,8.99,21.63,0.00,240.35,257.00,18.51
7336,7355,16.81,42.43,0.00,593.95,625.00,23.74
7455,7493,3.93,39.18,0.00,719.25,777.00,11.29
7586,7598,5.53,9.72,0.00,147.75,157.50,7.68
7647,7664,13.93,20.41,0.00,237.25,256.00,17.37
7670,7694,17.16,24.93,0.00,179.70,190.50,19.70
7839,7856,12.18,17.01,0.00,171.60,184.50,14.71
7995,8014,11.31,16.95,0.00,131.35,140.50,15.53
8034,8052,16.27,20.86,0.00,76.90,77.50,18.12
8168,8189,14.64,25.67,0.00,290.90,312.50,22.45
8241,8257,10.70,16.08,0.00,156.45,166.50,14.10
8303,8315,9.55,21.01,0.00,356.80,382.00,16.93
8368,8389,16.47,28.38,0.00,195.40,199.00,24.36
8465,8489,10.64,22.50,0.00,268.55,284.00,14.78
8586,8604,6.02,10.16,0.00,89.50,94.00,8.49
8615,8637,9.57,15.79,0.00,148.85,162.50,14.42
8699,8734,5.41,37.54,0.00,541.95,577.50,13.00
8794,8808,10.23,23.09,0.00,379.25,399.50,17.39
8894,8911,13.69,20.38,0.00,168.65,173.00,17.85
8967,8985,10.23,17.05,0.00,178.25,192.50,15.05
9107,9121,18.99,23.89,0.00,151.05,163.50,21.27
9134,9144,17.38,30.15,0.00,439.90,466.00,24.19
9252,9262,7.29,12.77,0.00,218.40,235.50,10.16
9314,9343,14.20,31.20,0.00,261.45,265.50,26.56
9401,9418,18.63,26.45,0.00,226.30,245.50,24.27
9506,9517,18.23,24.66,0.00,239.45,254.00,21.19
9594,9605,4.87,11.77,0.00,277.60,304.00,8.61
9629,9641,7.22,12.03,0.00,168.90,181.50,9.36
9761,9791,16.89,29.16,0.00,173.15,182.00,19.12
10101,10115,30.55,37.18,0.00,151.65,166.50,32.42
10219,10231,13.08,23.61,0.00,308.40,322.50,17.47
10276,10296,12.79,17.14,0.00,134.80,145.00,14.74
10474,10494,16.61,34.49,0.00,410.50,434.50,21.44
10500,10511,32.38,42.72,0.00,401.30,440.00,35.69
10691,10740,7.88,18.68,0.00,102.75,112.50,15.30
10777,10798,13.36,24.56,0.00,250.85,261.50,17.48
10803,10820,24.40,29.48,0.00,112.20,114.00,27.65
10915,10956,3.88,30.38,0.00,231.65,239.00,9.40
11052,11080,4.29,26.94,0.00,324.40,332.50,15.94
11141,11171,11.12,22.47,0.00,140.85,147.00,13.70
11421,11467,2.64,41.74,0.00,480.65,498.50,29.62
11604,11642,8.46,22.06,0.00,182.00,194.00,14.07
11902,11954,3.01,26.66,0.00,402.30,420.00,11.88
12189,12222,7.93,16.29,0.00,113.60,114.50,12.82
12242,12265,14.14,18.32,0.00,70.85,74.00,17.35
12350,12366,8.84,15.17,0.00,142.95,151.50,10.28
12403,12425,17.52,24.58,0.00,150.60,159.00,22.56
12542,12558,13.79,27.57,0.00,350.40,367.50,22.84
12700,12714,18.72,25.75,0.00,142.45,151.00,20.66
12923,12947,10.10,21.03,0.00,361.95,403.50,13.35
12997,13009,23.76,31.64,0.00,336.90,367.50,27.35
13133,13143,7.88,15.03,0.00,253.95,268.50,11.26
13191,13214,14.71,23.10,0.00,209.05,221.50,17.60
13220,13240,22.95,27.99,0.00,149.90,158.00,25.11
13327,13386,8.44,34.90,0.00,193.10,194.00,24.99
13535,13547,38.40,44.21,0.00,219.05,266.00,39.94
13621,13642,21.83,38.11,0.00,351.00,361.50,27.70
13827,13848,3.47,53.93,0.00,1540.35,1654.50,20.37
14103,14114,37.77,44.25,0.00,261.35,288.50,40.51
14165,14188,17.24,32.67,0.00,374.50,392.50,27.09
14213,14223,29.42,36.16,0.00,266.60,290.00,32.31
14258,14272,9.43,28.74,0.00,478.75,524.50,15.72
14349,14360,33.12,39.11,0.00,180.40,190.00,35.89
14416,14441,13.80,23.34,0.00,152.40,165.00,18.90
14542,14556,23.30,30.43,0.00,177.40,187.00,28.39
14664,14697,4.53,29.15,0.00,444.40,481.00,9.15
14737,14771,23.80,41.98,0.00,199.60,208.00,31.23
14826,14860,4.92,15.43,0.00,288.40,310.00,9.30
14878,14916,9.28,18.40,0.00,193.15,203.50,13.09
14990,15000,11.91,26.07,0.00,528.80,563.00,17.79
15099,15119,12.29,20.90,0.00,133.45,149.50,19.66
15122,15132,20.02,28.70,0.00,374.15,408.50,25.11
15273,15289,12.91,19.96,0.00,173.05,185.50,14.73
15291,15315,19.92,29.59,0.00,214.10,224.00,26.57
15358,15371,8.61,15.41,0.00,225.65,236.00,11.75
15430,15440,4.84,19.95,0.00,503.70,526.50,14.59
15512,15555,13.61,32.87,0.00,227.85,241.50,16.82
15727,15742,3.71,7.41,0.00,121.85,131.00,5.79
15764,15775,28.32,33.90,0.00,226.55,245.00,30.63
16026,16039,1.65,25.72,0.00,829.95,907.50,9.42
16045,16064,20.26,34.42,0.00,361.95,393.00,24.19
16226,16241,8.45,15.11,0.00,248.80,268.00,11.08
16247,16261,13.88,18.70,0.00,108.25,115.00,15.27
16487,16506,17.57,30.71,0.00,387.35,417.50,23.53
16608,16633,26.23,38.02,0.00,405.80,443.00,31.72
16682,16712,4.57,39.55,0.00,545.35,568.00,12.71
16781,16825,11.29,33.60,0.00,370.70,398.00,16.22
16998,17010,3.61,25.95,0.00,990.10,1090.00,14.57
17307,17335,19.66,26.66,0.00,90.40,98.50,20.97
17562,17576,10.14,15.75,0.00,168.05,176.00,13.35
17705,17718,4.83,23.66,0.00,611.85,642.00,14.83
17740,17752,5.30,21.37,0.00,607.10,645.50,13.49
17801,17817,5.35,15.41,0.00,203.00,212.00,12.69
17826,17847,10.07,26.54,0.00,488.05,527.50,15.65
section,ShockStrokeDown
# t1,t2,p1,p2,gforce,slope3,slopeMax,pMaxSpeed
33,43,11.19,16.54,0.00,199.15,209.50,13.17
46,63,4.78,12.05,0.00,168.70,173.50,9.88
102,112,9.35,18.71,0.00,249.80,251.00,13.30
170,182,17.71,29.50,0.00,337.55,344.00,21.68
186,204,7.97,23.08,0.00,277.30,284.50,19.87
282,326,5.29,38.48,0.00,296.00,299.00,17.60
409,431,20.87,38.19,0.00,364.10,371.00,25.49
501,526,10.29,20.95,0.00,168.10,179.50,19.08
533,548,6.06,13.83,0.00,170.10,171.00,9.32
568,581,14.34,28.37,0.00,369.65,378.50,20.80
587,610,4.96,20.98,0.00,211.50,216.00,13.88
617,639,5.16,13.90,0.00,115.60,118.00,8.15
662,675,19.35,24.17,0.00,191.60,207.50,21.63
688,702,8.47,24.58,0.00,290.45,293.00,19.81
752,764,25.71,35.28,0.00,322.15,341.50,29.18
780,790,18.74,24.98,0.00,216.80,230.00,21.02
804,824,6.34,21.77,0.00,250.40,254.00,14.02
900,910,22.22,29.70,0.00,238.85,267.50,23.82
914,924,16.02,25.96,0.00,246.80,254.00,22.68
1030,1042,13.51,18.37,0.00,119.45,129.50,14.43
1098,1122,21.56,31.41,0.00,212.05,224.50,25.47
1205,1248,11.23,26.03,0.00,110.80,116.50,12.38
1260,1274,5.97,9.98,0.00,108.40,112.00,8.45
1363,1465,4.42,37.84,0.00,231.90,240.00,24.18
1508,1529,25.89,38.50,0.00,218.80,230.50,36.24
1532,1547,8.72,26.10,0.00,305.00,312.50,21.88
1553,1568,7.19,23.94,0.00,315.20,323.00,20.37
1574,1589,8.12,15.26,0.00,134.00,141.50,13.72
1643,1666,30.11,36.88,0.00,194.20,206.50,32.17
1707,1731,23.23,34.17,0.00,177.55,188.50,31.60
1737,1753,20.63,28.74,0.00,219.00,232.50,26.41
1942,2034,3.38,41.66,0.00,214.60,227.50,38.24
2101,2111,29.62,36.40,0.00,230.65,242.50,32.21
2140,2175,14.98,30.80,0.00,228.60,238.50,17.67
2176,2186,7.83,15.07,0.00,210.65,216.50,12.33
2243,2264,7.68,21.13,0.00,230.70,237.00,13.05
2314,2346,6.39,14.27,0.00,206.10,211.50,10.21
2363,2374,7.49,14.54,0.00,169.25,173.00,9.32
2488,2530,8.11,30.84,0.00,168.70,170.50,20.95
2579,2636,4.58,32.73,0.00,207.15,210.00,12.32
2675,2722,5.86,26.90,0.00,147.30,151.50,12.63
2808,2822,18.05,25.14,0.00,231.35,243.50,22.09
2828,2846,9.41,18.13,0.00,170.00,174.50,11.95
2927,2948,10.23,21.61,0.00,191.60,195.50,18.21
3017,3056,9.54,41.73,0.00,236.20,241.00,13.14
3059,3083,3.69,9.95,0.00,131.80,140.50,8.40
3175,3196,27.58,44.58,0.00,404.50,416.50,33.95
3199,3234,11.48,28.13,0.00,240.05,249.50,24.58
3286,3327,6.29,36.15,0.00,277.90,283.00,20.57
3372,3413,5.38,43.14,0.00,328.90,344.50,36.31
3477,3536,3.20,40.35,0.00,298.10,303.50,33.21
3582,3611,9.73,36.97,0.00,287.10,294.00,27.60
3673,3760,3.26,35.46,0.00,218.35,220.00,16.14
3839,3956,6.25,47.39,0.00,146.35,149.50,27.60
4006,4016,6.64,10.59,0.00,122.60,126.50,8.18
4166,4207,11.62,21.75,0.00,98.45,101.00,16.72
4245,4275,3.79,16.61,0.00,175.80,178.50,11.96
4404,4420,11.07,25.78,0.00,322.60,326.50,17.11
4476,4486,12.09,17.41,0.00,165.95,170.00,14.43
4512,4525,7.25,11.92,0.00,125.80,128.50,10.00
4537,4560,3.24,13.96,0.00,166.10,167.00,9.63
4601,4612,15.15,24.68,0.00,241.65,244.50,20.05
4698,4731,7.36,18.46,0.00,102.95,107.00,8.88
5020,5033,9.40,18.04,0.00,220.30,230.50,15.51
5044,5060,5.26,15.47,0.00,170.10,174.00,11.57
5113,5123,20.92,32.44,0.00,351.10,359.50,25.58
5134,5144,13.99,23.48,0.00,272.35,289.00,16.38
5194,5242,10.47,33.90,0.00,182.15,185.00,15.19
5300,5338,10.01,21.27,0.00,168.10,172.00,16.22
5446,5478,8.66,20.59,0.00,178.35,186.00,16.34
5546,5561,15.97,24.32,0.00,183.30,189.00,21.25
5577,5587,9.16,14.79,0.00,173.95,179.50,11.07
5677,5722,5.52,41.11,0.00,242.85,246.00,17.77
5790,5817,18.72,42.68,0.00,428.40,432.00,25.32
5821,5836,7.32,22.02,0.00,290.15,302.00,19.04
5955,5979,12.57,29.98,0.00,261.10,265.00,19.63
5985,6004,4.33,14.40,0.00,164.20,166.00,9.57
6017,6033,5.63,11.89,0.00,110.70,117.00,10.27
6039,6050,10.00,16.25,0.00,214.00,226.00,13.86
6058,6073,6.24,16.71,0.00,234.70,244.00,14.10
6103,6117,8.05,19.66,0.00,248.55,253.50,15.73
6124,6139,11.67,23.80,0.00,249.80,266.00,21.46
6188,6245,4.30,38.21,0.00,310.95,316.50,30.68
6361,6381,18.03,24.09,0.00,169.15,187.00,19.55
6383,6397,9.43,18.22,0.00,235.50,240.00,14.06
6403,6414,8.18,16.61,0.00,209.30,219.50,14.48
6469,6482,14.23,21.91,0.00,267.35,272.00,17.20
6501,6517,22.66,30.28,0.00,167.45,174.50,24.73
6523,6540,7.54,24.00,0.00,268.15,271.00,17.05
6593,6606,9.13,27.77,0.00,368.95,376.00,21.89
6648,6665,13.93,21.80,0.00,193.25,198.50,17.64
6673,6686,7.46,15.06,0.00,178.75,182.50,11.15
6746,6814,3.66,43.27,0.00,278.80,284.50,15.22
6943,6961,27.99,45.02,0.00,351.35,366.50,35.97
6962,6977,10.94,28.04,0.00,336.15,339.00,22.44
6982,6994,8.66,13.77,0.00,150.70,160.00,11.21
7061,7074,14.62,23.91,0.00,221.45,225.50,18.16
7076,7091,6.77,14.68,0.00,164.15,167.00,10.21
7141,7186,5.70,32.24,0.00,203.95,206.50,15.01
7236,7266,8.18,25.82,0.00,225.00,229.50,14.78
7299,7309,8.99,14.34,0.00,184.65,195.00,11.82
7355,7373,34.81,42.43,0.00,226.45,235.00,37.78
7378,7414,4.78,37.08,0.00,337.80,340.50,17.55
7500,7528,15.89,38.98,0.00,319.65,327.00,28.60
7550,7573,5.42,13.87,0.00,140.95,145.00,8.12
7747,7780,11.52,25.97,0.00,120.50,122.00,20.46
7879,7904,7.79,16.63,0.00,141.85,148.00,11.07
8102,8116,13.34,17.96,0.00,109.50,115.50,16.69
8189,8214,16.17,25.67,0.00,175.95,183.00,22.39
8285,8303,9.55,19.87,0.00,225.70,233.50,13.45
8315,8327,8.70,21.01,0.00,258.25,260.50,13.61
8409,8429,22.81,31.55,0.00,149.10,156.00,29.02
8430,8458,10.63,22.82,0.00,225.40,233.50,19.70
8541,8586,6.02,26.78,0.00,165.20,170.00,15.23
8637,8651,11.30,15.79,0.00,114.70,122.50,12.41
8734,8769,9.54,37.54,0.00,273.55,275.50,30.11
8844,8860,9.36,20.93,0.00,225.85,230.50,14.56
8985,8999,7.85,17.05,0.00,210.70,214.00,11.88
9007,9028,3.78,16.35,0.00,148.05,151.50,7.35
9121,9134,17.38,23.89,0.00,183.40,196.00,21.36
9144,9159,8.71,30.15,0.00,411.35,413.00,21.06
9189,9207,15.62,27.23,0.00,200.10,207.00,23.99
9214,9236,6.56,16.03,0.00,155.65,157.00,11.72
9367,9379,20.29,31.04,0.00,303.30,315.00,23.85
9427,9453,3.47,29.25,0.00,380.05,386.50,17.77
9539,9566,12.68,25.16,0.00,250.90,260.50,20.97
9575,9594,4.87,13.07,0.00,159.30,163.50,10.07
9641,9659,5.48,12.03,0.00,111.65,116.00,10.21
9677,9687,9.21,15.46,0.00,184.50,196.50,13.49
9709,9723,7.05,14.37,0.00,139.50,141.00,11.91
9728,9738,5.29,9.46,0.00,130.50,139.50,8.18
9817,9849,16.76,30.68,0.00,272.65,287.50,20.70
9852,9865,11.98,17.00,0.00,117.00,124.50,15.35
9878,9892,7.18,13.65,0.00,144.00,153.00,12.03
9923,9938,6.79,12.25,0.00,145.80,154.50,9.85
9948,9971,5.30,9.02,0.00,83.75,87.50,7.14
10008,10019,9.52,18.06,0.00,220.05,222.00,13.95
10026,10040,6.85,22.14,0.00,275.00,282.50,19.25
10115,10134,30.94,37.18,0.00,138.30,154.50,32.14
10136,10185,19.93,31.01,0.00,136.35,142.50,29.35
10198,10219,13.08,20.95,0.00,197.25,210.00,17.10
10231,10261,10.50,23.61,0.00,154.85,161.00,15.64
10327,10340,10.65,19.02,0.00,219.75,225.00,15.11
10347,10363,11.02,23.80,0.00,249.45,250.50,18.95
10415,10432,10.02,14.93,0.00,110.30,113.00,13.05
10434,10448,5.21,10.06,0.00,109.85,111.50,8.08
10511,10529,26.29,42.72,0.00,290.50,295.00,36.71
10535,10565,13.01,26.96,0.00,258.70,266.50,19.77
10648,10681,8.50,16.06,0.00,85.40,86.00,11.61
10820,10840,15.60,29.48,0.00,209.00,213.50,18.70
10864,10905,3.46,18.48,0.00,192.15,195.00,11.26
10971,11045,4.10,31.54,0.00,144.55,149.50,25.01
11095,11107,18.03,24.56,0.00,210.90,228.00,19.84
11111,11131,9.80,19.14,0.00,227.75,234.50,12.76
11200,11236,8.17,25.66,0.00,195.40,199.00,17.46
11263,11278,5.95,12.27,0.00,129.00,132.00,8.88
11313,11323,14.98,20.35,0.00,215.25,238.50,16.59
11334,11350,8.42,19.87,0.00,243.40,248.50,11.43
11391,11410,2.65,6.48,0.00,62.95,64.00,4.71
11483,11524,21.88,41.33,0.00,181.40,185.00,29.41
11535,11555,16.59,21.91,0.00,96.60,97.50,19.94
11569,11588,6.55,13.29,0.00,136.95,139.50,9.75
11717,11761,19.28,28.82,0.00,105.45,111.00,25.28
11789,11838,3.86,20.50,0.00,109.50,111.00,13.08
12090,12125,10.91,20.52,0.00,115.50,118.50,16.76
12265,12281,9.47,18.32,0.00,222.55,230.50,12.15
12325,12339,5.28,11.89,0.00,186.10,193.00,8.34
12425,12463,10.16,24.58,0.00,191.95,196.00,15.05
12474,12488,4.85,9.61,0.00,105.75,112.50,8.37
12558,12570,13.19,27.57,0.00,320.65,325.00,17.44
12583,12593,23.68,30.84,0.00,258.45,270.00,26.62
12640,12656,19.03,23.93,0.00,110.80,119.50,22.53
12675,12688,10.40,17.81,0.00,217.65,220.50,13.60
12747,12770,8.47,26.41,0.00,328.25,335.00,15.36
12772,12783,4.75,8.54,0.00,119.15,126.50,7.15
12874,12885,7.12,13.95,0.00,191.10,195.00,10.72
13060,13106,13.71,34.30,0.00,211.60,218.50,17.67
13114,13133,7.88,14.34,0.00,133.15,136.00,11.16
13240,13270,15.29,27.99,0.00,157.10,161.00,18.20
13401,13436,5.55,34.97,0.00,278.75,288.50,27.64
13547,13586,5.20,44.21,0.00,352.80,361.50,26.71
13642,13668,24.07,38.11,0.00,194.60,207.50,26.22
13720,13739,15.02,19.97,0.00,101.60,113.00,16.10
13741,13814,3.51,15.07,0.00,124.85,128.00,9.45
13848,13881,26.19,53.93,0.00,340.25,344.00,40.89
13882,13896,12.49,26.20,0.00,300.95,305.00,19.16
13902,13913,15.27,20.74,0.00,140.95,149.50,16.62
13986,14027,6.50,29.89,0.00,229.95,234.00,16.71
14048,14065,4.52,9.35,0.00,117.10,122.50,7.52
14114,14165,17.24,44.25,0.00,269.95,280.00,29.62
14188,14198,21.07,32.67,0.00,333.30,340.50,25.25
14223,14258,9.43,36.16,0.00,235.85,240.50,31.12
14283,14323,7.03,28.04,0.00,222.70,226.00,14.68
14360,14370,33.26,39.11,0.00,238.40,258.50,35.58
14371,14394,11.26,33.27,0.00,307.60,311.50,17.49
14444,14456,18.86,23.35,0.00,179.95,196.00,20.54
14463,14477,9.25,21.09,0.00,233.30,236.00,15.12
14489,14514,4.49,11.73,0.00,98.20,101.50,9.83
14556,14569,19.36,30.43,0.00,283.65,292.50,22.23
14575,14585,20.96,36.91,0.00,404.55,414.00,29.02
14589,14619,7.55,29.32,0.00,249.75,256.50,26.53
14626,14647,4.11,12.93,0.00,122.45,123.50,8.69
14711,14723,23.73,31.53,0.00,173.85,181.50,29.07
14771,14821,4.93,41.98,0.00,341.60,344.00,20.03
14860,14878,9.28,15.43,0.00,114.35,116.00,12.96
14916,14950,4.16,18.40,0.00,211.75,217.00,12.35
15028,15064,9.55,38.74,0.00,274.55,284.00,34.91
15166,15181,29.50,34.54,0.00,154.15,160.00,31.63
15187,15225,6.03,30.05,0.00,256.05,259.50,24.59
15340,15358,8.61,23.95,0.00,286.25,291.50,17.15
15396,15406,10.36,21.49,0.00,293.00,296.00,16.70
15412,15430,4.84,16.11,0.00,179.65,182.50,8.95
15440,15459,4.84,19.95,0.00,228.00,234.00,9.10
15555,15589,19.34,32.87,0.00,157.80,162.00,23.91
15600,15620,13.82,19.87,0.00,126.00,130.50,17.45
15692,15707,8.12,12.30,0.00,107.95,112.00,9.56
15709,15727,3.71,8.16,0.00,116.25,123.00,6.72
15792,15834,21.29,36.02,0.00,121.85,125.00,26.23
15930,15949,5.95,12.05,0.00,106.20,112.50,10.69
16064,16076,23.05,34.42,0.00,362.70,379.50,27.09
16148,16184,9.92,25.42,0.00,170.55,174.00,14.49
16189,16214,5.08,10.35,0.00,92.30,96.50,8.45
16261,16276,9.37,18.70,0.00,233.45,240.50,15.45
16292,16303,13.39,25.05,0.00,302.15,308.00,17.90
16323,16341,8.49,22.68,0.00,278.05,284.50,15.37
16388,16399,12.16,22.28,0.00,226.85,233.00,14.38
16426,16451,15.99,33.38,0.00,221.75,222.50,24.88
16456,16469,11.11,16.43,0.00,168.00,177.00,14.12
16524,16577,5.58,34.72,0.00,283.75,289.00,19.12
16633,16675,4.49,38.02,0.00,410.65,419.50,28.71
16712,16750,8.99,39.55,0.00,295.45,304.00,31.26
16753,16769,4.87,9.15,0.00,102.10,109.00,7.71
16876,16906,7.61,39.05,0.00,383.50,388.00,25.02
16907,16959,3.54,7.61,0.00,43.75,44.50,6.79
17022,17051,14.15,25.23,0.00,175.05,178.50,20.41
17463,17483,15.25,21.72,0.00,124.10,129.50,16.85
17541,17553,8.49,15.49,0.00,189.10,191.50,11.56
17576,17597,6.26,15.75,0.00,186.85,190.00,11.27
17674,17694,7.53,17.02,0.00,161.30,162.50,12.72
17718,17740,5.30,23.66,0.00,263.70,270.00,13.93
17752,17767,11.05,21.37,0.00,190.30,194.50,16.72
17776,17786,8.50,13.38,0.00,172.65,178.50,10.98
17790,17801,5.35,9.66,0.00,140.75,147.50,7.56
